t,mvrv,mvrv_z,price
2017-06-01,3.227408482135846,5.06316243751456,2417.941273911206
2017-06-02,3.244291673275749,5.21958075205188,2479.5616565385294
2017-06-03,3.341226372271441,5.35206647703727,2543.8723274892395
2017-06-04,3.317975963816542,5.21526494305861,2521.845867583053
2017-06-05,3.387519127666891,5.64198415190564,2695.0334189788464
2017-06-06,3.6402393615333173,6.1135211142634,2873.7969374932436
2017-06-07,3.583987156246716,5.5268671268675895,2701.4140898844944
2017-06-08,3.47186478438452,5.75525011366356,2803.297016793037
2017-06-09,3.5287338444111,5.6996358330518095,2810.2941602110886
2017-06-10,3.527043702467946,5.95344646147669,2919.9279707867463
2017-06-11,3.5790771228011673,6.05197134447977,2991.4426584000157
2017-06-12,3.403503863197724,5.16283741264907,2656.1781794939084
2017-06-13,3.242016531837631,5.1423861506840804,2707.2075876857843
2017-06-14,3.157951895017633,4.3888710848590105,2443.774072635811
2017-06-15,2.801006485352475,4.27773203668675,2415.092620939786
2017-06-16,2.89006756981194,4.42148215862189,2485.221578415977
2017-06-17,3.007927742695259,4.85054735864417,2644.3694299811514
2017-06-18,2.998960227193796,4.42580922784911,2512.428822086344
2017-06-19,2.965432789774362,4.60385753207176,2595.047554549299
2017-06-20,3.057181202880892,4.94115590360753,2734.934233111323
2017-06-21,3.091300435294539,4.67237721656352,2653.536153083557
2017-06-22,3.037878500910539,4.73626679917594,2693.67774038443
2017-06-23,3.0685983422338,4.71349717164002,2687.6564249824446
2017-06-24,3.001171573323593,4.33860728184813,2568.5925241151367
2017-06-25,2.8835385436099292,4.14415999373015,2501.1788695912824
2017-06-26,2.7719884621621222,3.9494863776818,2419.8281336489827
2017-06-27,2.7041830115146173,4.22153654064101,2565.9955752033557
2017-06-28,2.838277848112202,4.21286665081928,2554.2217718277343
2017-06-29,2.852179541206035,4.13626365336134,2537.407710301787
2017-06-30,2.7907470960559753,3.91097066716211,2460.92328207561
2017-07-01,2.723852559195902,3.8021192300469098,2420.539465015463
2017-07-02,2.706457269416436,4.01232856509362,2508.7110635949434
2017-07-03,2.7723249433231203,4.03339257382033,2543.52055702578
2017-07-04,2.844604664506395,4.13890852844547,2603.975513520515
2017-07-05,2.806859630393296,4.13489847016385,2611.9076336687876
2017-07-06,2.8218713416767462,4.09078871686768,2601.1915674691945
2017-07-07,2.753846488499429,3.76234300639123,2500.606800254712
2017-07-08,2.716182380659527,3.91674283952899,2559.2909885063527
2017-07-09,2.741645769846376,3.78446417149139,2505.719367383316
2017-07-10,2.643867005764403,3.37341456929198,2337.692689997486
2017-07-11,2.520253314735733,3.30697826196626,2308.5349031275077
2017-07-12,2.517005224486776,3.42767913429645,2386.6789346825703
2017-07-13,2.54129939212281,3.32190593720021,2338.834599532397
2017-07-14,2.444230530508511,3.02409580719078,2218.068399573709
2017-07-15,2.237363674878239,2.49865700365318,1970.0224148275825
2017-07-16,2.089492341995133,2.28999931376941,1914.3158613562398
2017-07-17,2.210739633856024,3.01563426195433,2226.8543703791893
2017-07-18,2.440342112738414,3.19052839996263,2304.677177796126
2017-07-19,2.468857703073246,3.0784351785363,2262.4342019699784
2017-07-20,2.635841124714243,4.3676681092522,2836.4441013378264
2017-07-21,2.8583557752569853,3.94181199489777,2667.799092515772
2017-07-22,2.9050535777449022,4.27760626642825,2828.288843932448
2017-07-23,2.889278264699799,4.07576879776878,2756.3507669668084
2017-07-24,2.8585349351895113,4.05128481174761,2761.003292649645
2017-07-25,2.697935553070495,3.5815741454828,2562.1887893065186
2017-07-26,2.56343599192463,3.46161881549359,2524.004210431266
2017-07-27,2.615409615794964,3.73566832366377,2662.327736099671
2017-07-28,2.732011201015918,3.96400783027287,2784.9319075270673
2017-07-29,2.666798755055255,3.71696254582553,2699.3367794540422
2017-07-30,2.578698252476483,3.7051592905090898,2733.69805187003
2017-07-31,2.586884867645223,3.93223481441294,2861.355117283544
2017-08-01,2.564209391495549,3.59991828024955,2731.1154904956556
2017-08-02,2.482975066978654,3.4979790770134898,2700.952019059181
2017-08-03,2.480988916183708,3.64758255635178,2787.864126953994
2017-08-04,2.505197682344291,3.71337097832402,2855.544813686132
2017-08-05,2.7382687779870363,4.49420786077026,3246.889857691748
2017-08-06,2.747202311545786,4.35187951997781,3219.1355141814147
2017-08-07,2.761454094628279,4.62947361142544,3394.12505196622
2017-08-08,2.803963322330277,4.61746532153531,3418.0657164880467
2017-08-09,2.709957374953198,4.40268058477114,3341.931735918988
2017-08-10,2.7256290404162433,4.54184212316613,3432.180554601751
2017-08-11,2.7954552474164602,4.9431689417345,3651.952159554108
2017-08-12,2.967691280911767,5.32744559083407,3873.840277659997
2017-08-13,3.124595575789998,5.62262869937823,4055.4301082172656
2017-08-14,3.176861268138939,6.05866376952671,4321.740878001602
2017-08-15,3.142738387699563,5.64807766004395,4158.369049307629
2017-08-16,3.106688661141137,6.00431106431316,4371.898571692489
2017-08-17,3.188356374559826,5.72850686560347,4278.874565142088
2017-08-18,3.074889214606837,5.29189022440958,4103.308186665855
2017-08-19,2.933395194889155,5.28326450566689,4136.02849752025
2017-08-20,2.90510714560068,5.14774916658372,4047.5907074206807
2017-08-21,2.844398218632108,4.87606683211186,3993.496766113566
2017-08-22,2.754862007386058,5.03830124635515,4089.192688098602
2017-08-23,2.878297322458768,5.05605447604549,4128.20943627659
2017-08-24,2.8921712986521833,5.3574712361034305,4309.743233598728
2017-08-25,2.98692053066564,5.35311120721191,4357.504580234239
2017-08-26,2.941101567195622,5.30525582405246,4339.185326260464
2017-08-27,2.944617625911345,5.24461766064655,4343.614657649543
2017-08-28,2.901522229883791,5.24852209710181,4384.648048638078
2017-08-29,2.969663017106967,5.55917815769959,4591.973064787884
2017-08-30,3.019202157534861,5.4770975444301,4578.258041005562
2017-08-31,3.043051208807766,5.64840955546505,4739.821909609959
2017-09-01,3.090804452431614,5.89319972147229,4930.913963429657
2017-09-02,3.003665091369567,5.21819999195613,4635.549367004165
2017-09-03,2.933770343120238,5.21587279406371,4624.004128836177
2017-09-04,2.795516235315472,4.68827932156933,4340.747305561161
2017-09-05,2.720496779841974,4.75259943493705,4426.660414562876
2017-09-06,2.8478074996463922,5.02876542686983,4610.80660274099
2017-09-07,2.834053878984489,4.97287392819697,4621.992816471082
2017-09-08,2.769423937917827,4.44992858562941,4341.4884613413
2017-09-09,2.65769704339785,4.41158785488388,4330.583758430806
2017-09-10,2.582994525870721,4.24554863593618,4250.088037251141
2017-09-11,2.579425384649418,4.14290707617051,4207.513611707119
2017-09-12,2.5963928739245983,4.04672936165764,4157.663177008433
2017-09-13,2.405974954081438,3.54713591317766,3867.7915092908415
2017-09-14,2.2291005091105403,2.54868204929294,3240.896288121997
2017-09-15,2.104816144134889,3.28656475814214,3710.985860887212
2017-09-16,2.297142504997639,3.2683312237664,3711.866164171358
2017-09-17,2.244545569122765,3.23654380874575,3703.312456189187
2017-09-18,2.415056920574607,3.77648417761529,4094.554920867202
2017-09-19,2.419879403676874,3.52343974820303,3911.100032919042
2017-09-20,2.398633348185503,3.48462392032578,3869.9896605976755
2017-09-21,2.308387337544613,3.028925486524,3617.6710605707135
2017-09-22,2.206998494751973,3.01397359264643,3615.9131536078676
2017-09-23,2.25965198345163,3.2502565279327698,3782.0205495431524
2017-09-24,2.244864815439588,3.06615918707523,3668.2651341463556
2017-09-25,2.297133540322376,3.40749884629412,3918.890667419078
2017-09-26,2.348008302591747,3.33902175469876,3886.1024756670427
2017-09-27,2.410707039741113,3.7890717058545498,4199.9683304292685
2017-09-28,2.490142899960763,3.7367437531509298,4187.576245896319
2017-09-29,2.4560631328187,3.66033424245867,4156.659983678401
2017-09-30,2.51841218295413,3.88902632651483,4335.467009689982
2017-10-01,2.530294965321396,3.9259445515338003,4382.812284253591
2017-10-02,2.574713236367959,3.91665346214865,4391.750560395145
2017-10-03,2.515437508213581,3.76063756261797,4311.3560516755
2017-10-04,2.472905099527737,3.61204095008544,4215.182333536646
2017-10-05,2.459797624380893,3.72815604864783,4317.528621996602
2017-10-06,2.5115032781256863,3.77178960800161,4362.980772637618
2017-10-07,2.501061299745228,3.83344145106171,4427.349482966946
2017-10-08,2.572435570086067,4.04714947879306,4599.584772520529
2017-10-09,2.633484925024368,4.23774059241684,4770.758812461939
2017-10-10,2.706694693550165,4.15277116453315,4742.204586062306
2017-10-11,2.683040483762844,4.21686428965613,4817.076001241959
2017-10-12,2.838914057942768,5.01299094795834,5421.25647434388
2017-10-13,3.071926202577061,5.21083004037387,5622.401537310861
2017-10-14,3.078799897290507,5.41170024220979,5806.274837910411
2017-10-15,3.035775939465342,5.18830945173142,5690.443312043671
2017-10-16,3.036955000759945,5.19916604703695,5751.401295318684
2017-10-17,2.989802752002799,4.93207139820015,5593.760390967677
2017-10-18,2.85970591305261,4.85300254924116,5574.307180341964
2017-10-19,2.9626647173747322,4.96387765348893,5700.819182972686
2017-10-20,3.013560100252827,5.29887837441693,5997.446764076106
2017-10-21,3.142083207636713,5.25313385331843,6015.723555007538
2017-10-22,3.033778356851887,5.16427506394462,5998.832263653103
2017-10-23,2.957917423734559,4.93131204442036,5889.672058049323
2017-10-24,2.828059506410273,4.413848363973,5518.766212981871
2017-10-25,2.758947344057132,4.65162217562882,5744.7936868947845
2017-10-26,2.881925505907707,4.79620770766862,5890.7143073772
2017-10-27,2.866435695694964,4.6098434670229,5778.700983300991
2017-10-28,2.829249371610267,4.55526803231128,5752.944303324972
2017-10-29,2.873870404070683,5.04033696473221,6150.617275448098
2017-10-30,2.967602850700913,4.91405404239072,6122.688025941843
2017-10-31,3.005289517936816,5.24171323936146,6441.3050298221515
2017-11-01,3.097718337009415,5.52796158045072,6764.760700771038
2017-11-02,3.265144653760966,5.82246451561583,7032.252143929542
2017-11-03,3.346166109174688,5.91180740644757,7188.6736621927175
2017-11-04,3.329818759794051,6.10903498621205,7391.499520881289
2017-11-05,3.389247061514409,5.96718484298376,7390.662345444837
2017-11-06,3.25477164574711,5.45075937552572,6960.162148204395
2017-11-07,3.1718245250162562,5.53018160954341,7123.997698968637
2017-11-08,3.266578144086162,5.85605862160471,7469.009869665808
2017-11-09,3.171585141243619,5.39400957280716,7135.421301008343
2017-11-10,3.024287579321347,4.7867542004890105,6591.128675365988
2017-11-11,2.829617290793402,4.429716043756,6361.587331249312
2017-11-12,2.584715164547813,3.85444758720837,5909.6447898411725
2017-11-13,2.66218689127658,4.51843806293907,6525.636966247708
2017-11-14,2.745337756026532,4.5391003213392604,6595.548438738197
2017-11-15,2.9017519042032482,5.22635664776162,7282.068738937433
2017-11-16,3.024812357603022,5.70956602871043,7845.321979964913
2017-11-17,3.118548429701281,5.51274207189682,7691.5208803062105
2017-11-18,3.046629254587754,5.53515578939527,7780.4865522991895
2017-11-19,3.071438585747761,5.6921679320572895,8033.553355586507
2017-11-20,3.141015917747637,5.82821351056646,8255.867353185347
2017-11-21,3.122298601737425,5.53115686601789,8096.860431860465
2017-11-22,3.109999388986979,5.64934505709216,8244.969536672328
2017-11-23,3.081380934307649,5.42327664974526,8035.893848871559
2017-11-24,3.041140635863633,5.49436936694251,8215.457903088754
2017-11-25,3.110273647768443,5.92718261012974,8771.863206570288
2017-11-26,3.285772882846919,6.38305031703358,9349.11993048534
2017-11-27,3.416175097580013,6.63812280943616,9754.449718834221
2017-11-28,3.422278615160721,6.64872653403436,9926.71193188782
2017-11-29,3.531996557414813,6.42834559179804,9863.795713366324
2017-11-30,3.328351562901217,6.45610382757092,9953.823255504512
2017-12-01,3.3552560292412252,7.09660283588739,10862.869692666738
2017-12-02,3.561107401370517,7.01251276448256,10923.741230126276
2017-12-03,3.639503732469769,7.1778420501148,11285.973817230233
2017-12-04,3.605137466837568,7.32645704954662,11625.190674511652
2017-12-05,3.65248730260777,7.25137658878344,11703.703117553547
2017-12-06,3.8616633940819343,8.87571967664239,13919.978430502113
2017-12-07,4.331706414928087,11.0107247585422,17144.110561770518
2017-12-08,4.33324291003798,10.005042409763,16241.254172496809
2017-12-09,4.098179474029602,8.62974825034665,15065.911139302367
2017-12-10,3.842376225632225,8.58700666626477,15049.90218056812
2017-12-11,4.242250794701494,9.58771582273964,16779.839139930325
2017-12-12,4.207645803569345,9.61946947987776,17220.05994923002
2017-12-13,4.077701458814882,8.78213141745393,16525.094735035294
2017-12-14,3.942583530877108,8.60953458378205,16607.882713268962
2017-12-15,4.071679333925759,9.03831835621655,17644.19185482736
2017-12-16,4.207454823313533,10.0117391787368,19587.6137328711
2017-12-17,4.339375310632882,9.50412235473982,19179.66898447647
2017-12-18,4.144484120056843,9.05607271278503,19007.00933176908
2017-12-19,3.9957033951510272,8.15788358131186,17737.660318944538
2017-12-20,3.602881833877376,7.20822073136117,16456.22842405836
2017-12-21,3.458802224193657,6.58617813372481,15651.946610393392
2017-12-22,2.93741147520077,5.57925782369325,14140.99019347346
2017-12-23,3.154195668089731,5.90323240730784,14800.695957569356
2017-12-24,2.9339335375807183,5.41919628900125,14170.877791779882
2017-12-25,2.9558082309629503,5.39768237690678,14073.40367072084
2017-12-26,3.17916656943955,6.24403195772501,15761.316969772965
2017-12-27,3.202813431622671,5.99848098831174,15382.496060505311
2017-12-28,2.919631874434054,5.26151134552779,14456.968874713091
2017-12-29,2.957634096108197,5.3887628113111,14487.223318256161
2017-12-30,2.709327826322593,4.31414475556419,12743.816886264398
2017-12-31,2.696141434275715,4.92542336385338,13896.633097402057
2018-01-01,2.706180077330058,4.62220639257021,13436.40113496533
2018-01-02,2.780247782101812,5.31750083184633,14732.453355796319
2018-01-03,2.980396286200655,5.37960459708152,15068.48685294771
2018-01-04,2.9280034917856863,5.3511703240943,15150.044393442426
2018-01-05,3.071823221455778,6.20071893747292,16929.993584218795
2018-01-06,3.204684925002935,6.1946670928109,17094.07580827809
2018-01-07,3.131467933350702,5.612509939717,16162.813277912608
2018-01-08,2.8998161649813623,4.95981717067534,14998.250127031477
2018-01-09,2.8057120422888033,4.60011698536272,14415.466029217563
2018-01-10,2.673233387377275,4.7699768481624805,14850.283684647908
2018-01-11,2.57099899436922,3.97493133022315,13310.776623875214
2018-01-12,2.553664799630933,4.17867981877723,13797.82227939588
2018-01-13,2.6496714167451083,4.33495990736407,14218.51800899828
2018-01-14,2.5469030998992253,4.07788077143916,13655.242181049141
2018-01-15,2.564365529396486,3.96374378631117,13574.797735438284
2018-01-16,2.269972424378881,2.95128207002493,11467.380978284651
2018-01-17,2.000185234536823,2.79823184175879,11136.808735058174
2018-01-18,2.151288626134138,2.85326194469645,11289.210911409156
2018-01-19,2.15404313665869,2.94740860239844,11511.09835473365
2018-01-20,2.3264252654026443,3.52373534004562,12763.779462390647
2018-01-21,2.224527715646574,2.86243444742225,11455.526396495743
2018-01-22,2.083010990074461,2.51317248449396,10781.268881360418
2018-01-23,2.012368415924458,2.57214810820002,10801.083131750655
2018-01-24,2.065162519060966,2.76680257520559,11354.22909940514
2018-01-25,2.118923026335116,2.69533000665978,11137.878602459845
2018-01-26,2.062704306584547,2.67481910742628,11091.21651042783
2018-01-27,2.099274732403793,2.7880938853012003,11333.397874991158
2018-01-28,2.15025020458967,2.87627045786708,11597.080164861141
2018-01-29,2.090833004157538,2.66194202113371,11149.431210526249
2018-01-30,1.9907000340855352,2.10884283863774,9937.726381160634
2018-01-31,1.8736254032115771,2.17498882010652,10087.724198669412
2018-02-01,1.7887697608344122,1.69137226691522,9014.026207241357
2018-02-02,1.625116195173776,1.6113530806765,8799.121910617683
2018-02-03,1.695746487157198,1.75115961639734,9208.45991916458
2018-02-04,1.659826241594247,1.33799310729976,8176.460615758353
2018-02-05,1.456465804197584,0.7546697433992751,6891.934414416884
2018-02-06,1.312267816542251,1.19626040713312,7714.392057232828
2018-02-07,1.525457267873747,1.0970852789719001,7575.611196702045
2018-02-08,1.585714189701896,1.36012896386149,8222.753649455703
2018-02-09,1.5967644121011282,1.5835286615689301,8677.910527452475
2018-02-10,1.674171595251523,1.52082307421787,8537.393208068006
2018-02-11,1.586348989934369,1.30788916287127,8073.293649217709
2018-02-12,1.6682768155418959,1.66784482063729,8883.2563239916
2018-02-13,1.6687599603879901,1.4953696053007,8519.186103813143
2018-02-14,1.7453236836959491,1.9290988688116,9483.45790621643
2018-02-15,1.888791382087199,2.17575794964547,10063.90199802283
2018-02-16,1.931901487464105,2.24636838256768,10236.5
2018-02-17,2.058300602232754,2.6240111428924697,11101.7
2018-02-18,2.075284314428058,2.3758112626328,10593.2
2018-02-19,2.091206306247162,2.64809451737038,11230.0
2018-02-20,2.209463578331521,2.71895899786313,11403.7
2018-02-21,2.085967768215446,2.38428430969303,10690.4
2018-02-22,1.9530777153689862,2.06087937883276,10005.0
2018-02-23,1.899197786595849,2.1759069392384,10301.1
2018-02-24,1.8802151981844952,1.9496917461273902,9813.07
2018-02-25,1.814764268246658,1.8817254424727001,9664.73
2018-02-26,1.86233425027726,2.18296134401038,10366.7
2018-02-27,1.982367074142217,2.32696957425855,10725.6
2018-02-28,1.9917299200944312,2.17369810614205,10397.9
2018-03-01,1.9926893237465602,2.40344162165769,10951.0
2018-03-02,2.049526147498227,2.4431915831642,11086.4
2018-03-03,2.11340388253209,2.61026055719462,11489.7
2018-03-04,2.092764062555948,2.61183812001972,11512.6
2018-03-05,2.130858281653144,2.6218416631937,11573.3
2018-03-06,2.04593799221428,2.2757857303625,10779.9
2018-03-07,1.934113251329778,1.93430371869318,9965.57
2018-03-08,1.809692454617392,1.69626318944385,9395.01
2018-03-09,1.672131925556433,1.69031121496944,9337.55
2018-03-10,1.733567142946138,1.47012432066123,8866.0
2018-03-11,1.6993263728151922,1.77701722342516,9578.63
2018-03-12,1.771774748047736,1.6242027474521898,9205.12
2018-03-13,1.7179488467376411,1.62420583272522,9194.85
2018-03-14,1.650868900466239,1.23059032735556,8269.81
2018-03-15,1.5290055016151372,1.24058951979091,8300.86
2018-03-16,1.565521940296943,1.27509377348732,8338.35
2018-03-17,1.5238722831367042,1.08295627715492,7916.88
2018-03-18,1.449050825850648,1.21320373407342,8223.68
2018-03-19,1.574818433351498,1.3615449567173399,8630.65
2018-03-20,1.630828887644379,1.49797744753449,8913.47
2018-03-21,1.6971336286040541,1.50580159230454,8929.28
2018-03-22,1.65023717215349,1.4151577546793,8721.57
2018-03-23,1.614395400729327,1.45615619786111,8820.54
2018-03-24,1.675386676287412,1.3958684092191,8682.62
2018-03-25,1.616696497338919,1.3130947106192101,8494.44
2018-03-26,1.5602067824833,1.20465635087606,8210.22
2018-03-27,1.514026780099509,1.05347350257082,7840.16
2018-03-28,1.507085466168813,1.12319855019187,7980.12
2018-03-29,1.438718242987727,0.804087280741223,7162.96
2018-03-30,1.322538135761774,0.681952513800345,6895.3
2018-03-31,1.343079095948958,0.7111371005695251,6978.18
2018-04-01,1.307120455569039,0.6619511377241011,6844.23
2018-04-02,1.341587912160684,0.7521230200484,7075.72
2018-04-03,1.409210801923171,0.9158017220401621,7458.04
2018-04-04,1.3660034410071291,0.670317212842875,6852.8
2018-04-05,1.303483562098911,0.6564535705115351,6811.29
2018-04-06,1.283989843730648,0.5859665929604391,6629.87
2018-04-07,1.328617577813779,0.698450218783163,6903.16
2018-04-08,1.348335654861733,0.748467344553676,7023.38
2018-04-09,1.333699273192377,0.6423225801225421,6763.45
2018-04-10,1.31060562892761,0.677536216222213,6839.1
2018-04-11,1.326313432476121,0.719326403234891,6939.18
2018-04-12,1.416840962059591,1.12887500511376,7926.600582959641
2018-04-13,1.540204757573295,1.11266644448576,7858.320396825395
2018-04-14,1.5425741116965281,1.1587158417138501,7994.162746478875
2018-04-15,1.583328174128252,1.2879142479888501,8355.635478723412
2018-04-16,1.556810121368904,1.16386016667154,8052.68
2018-04-17,1.550655159340828,1.09516318124895,7906.81
2018-04-18,1.5526816570931712,1.21143548394534,8162.99
2018-04-19,1.579236578822188,1.24639371549731,8282.55
2018-04-20,1.61989644872566,1.46640583210281,8836.46
2018-04-21,1.6877064887587472,1.46608104360165,8883.36
2018-04-22,1.7020462875228932,1.4444020871558099,8802.53
2018-04-23,1.7000106839406661,1.49169730253751,8930.91
2018-04-24,1.7746995862525212,1.78636274141035,9732.61
2018-04-25,1.760631199349696,1.50054064361295,8826.28
2018-04-26,1.693217210631108,1.59937639057517,9280.92
2018-04-27,1.755580958789358,1.50521666528734,9011.78
2018-04-28,1.7579618478173311,1.63514407727555,9343.42
2018-04-29,1.77989083590398,1.6604748358212,9415.09
2018-04-30,1.767922633655203,1.5806281228235401,9247.19
2018-05-01,1.7124500518755892,1.52933539391451,9105.53
2018-05-02,1.7309687883627012,1.57821984334954,9233.72
2018-05-03,1.775495777858695,1.77848007090379,9755.31
2018-05-04,1.8272461101364752,1.75753393340013,9715.82
2018-05-05,1.8583996768159081,1.80294546021403,9843.13
2018-05-06,1.8234995568363601,1.72420059821011,9646.74
2018-05-07,1.76890235814389,1.61018227602389,9369.84
2018-05-08,1.753818989336054,1.56595719272671,9249.75
2018-05-09,1.738183720503817,1.5861660408746099,9324.28
2018-05-10,1.750166824002907,1.48841723121629,9040.52
2018-05-11,1.646403646743713,1.24380129793883,8462.5
2018-05-12,1.5947045431363351,1.27172476800628,8499.34
2018-05-13,1.619069365344876,1.35157439568039,8723.64
2018-05-14,1.616571906155762,1.33082688355323,8719.89
2018-05-15,1.626445058361191,1.24885061416661,8515.22
2018-05-16,1.560948455618052,1.17917359677049,8358.62
2018-05-17,1.553736494089293,1.06143232659854,8085.7
2018-05-18,1.521837622831279,1.13405210834003,8251.45
2018-05-19,1.5481190250065602,1.13285911873799,8241.68
2018-05-20,1.5668935748256372,1.23828302105349,8515.58
2018-05-21,1.584069244603103,1.19684192932645,8409.37
2018-05-22,1.547045163590369,1.05424406350355,8049.56
2018-05-23,1.4654202655764221,0.860196586591336,7566.26
2018-05-24,1.417876760920758,0.880775296147932,7593.13
2018-05-25,1.409257142285544,0.811796681873993,7453.44
2018-05-26,1.4091769584590441,0.78836147909177,7358.47
2018-05-27,1.377746237883468,0.791088089768321,7364.09
2018-05-28,1.36678581058947,0.710055333059723,7134.68
2018-05-29,1.375995686895049,0.834848154083168,7467.58
2018-05-30,1.403426211784994,0.809444614945357,7406.19
2018-05-31,1.415950098257424,0.8444701492583111,7491.64
2018-06-01,1.412549424292135,0.8634191889132451,7539.14
2018-06-02,1.4336416702095192,0.9038119465192441,7646.74
2018-06-03,1.450877159919533,0.931663511009406,7720.25
2018-06-04,1.430690063660416,0.846720184707566,7499.48
2018-06-05,1.416079737221425,0.8954680328918461,7625.55
2018-06-06,1.436075031002158,0.9054310086145161,7656.09
2018-06-07,1.452947300798309,0.9154195383267271,7676.55
2018-06-08,1.442000803108432,0.8989238181881131,7631.9
2018-06-09,1.442860130180248,0.89053662533608,7565.0
2018-06-10,1.3557452134773311,0.567616145398087,6784.03
2018-06-11,1.287424155172568,0.614330475924982,6901.13
2018-06-12,1.29016854854482,0.500033453089838,6566.2
2018-06-13,1.234401150222898,0.42573021459827404,6342.43
2018-06-14,1.246176104896561,0.537867954390542,6681.42
2018-06-15,1.2572668086118899,0.465394197910164,6460.85
2018-06-16,1.242834532272765,0.49964214025288406,6538.65
2018-06-17,1.251882322589482,0.485756926545348,6503.94
2018-06-18,1.254632297640732,0.576373491685765,6733.38
2018-06-19,1.2909854724925451,0.5867870838866991,6759.1
2018-06-20,1.284391576179778,0.595315660388926,6776.84
2018-06-21,1.292100342492378,0.5771860352421311,6737.58
2018-06-22,1.2235985843744541,0.33217176924949904,6083.68
2018-06-23,1.178477605981375,0.365582334275709,6166.8
2018-06-24,1.158922380606418,0.36104781452108603,6168.79
2018-06-25,1.19505462533725,0.40482295633306997,6260.63
2018-06-26,1.194132241056816,0.343441920838637,6096.19
2018-06-27,1.186865860307883,0.382713448775549,6154.48
2018-06-28,1.1850520805052471,0.289531133286661,5903.44
2018-06-29,1.1533826222170571,0.41476045251861904,6220.76
2018-06-30,1.24166785143162,0.48954273359443906,6396.98
2018-07-01,1.2418291897872311,0.480712205955359,6388.12
2018-07-02,1.260488564426316,0.5682025187124481,6614.92
2018-07-03,1.289539983514446,0.5353691021753341,6533.56
2018-07-04,1.2868234195870931,0.561433528200704,6609.7
2018-07-05,1.298445506763208,0.5783312091375451,6643.34
2018-07-06,1.293836657158113,0.587280216489459,6674.68
2018-07-07,1.296542347422331,0.66180509707067,6859.53
2018-07-08,1.334450225990098,0.6248704947733561,6762.01
2018-07-09,1.325476609976928,0.620192826600511,6746.22
2018-07-10,1.2793007747495841,0.46226333773805,6328.33
2018-07-11,1.252338174878388,0.48878566332078,6393.59
2018-07-12,1.223747436562766,0.40220067204512205,6228.81
2018-07-13,1.227828167389587,0.430616090046245,6236.49
2018-07-14,1.228546834925166,0.44856825799626904,6275.18
2018-07-15,1.24391416415661,0.48364525615561305,6359.64
2018-07-16,1.28218120718448,0.614331977437168,6742.49
2018-07-17,1.350286150445244,0.842705551975499,7318.74
2018-07-18,1.4509460268154941,0.8603256355153621,7370.78
2018-07-19,1.448186800043227,0.8949224368988851,7466.86
2018-07-20,1.4551375814534722,0.851898160258836,7354.94
2018-07-21,1.4407644671392301,0.873476578396513,7418.71
2018-07-22,1.4583388786720222,0.8730200347292391,7418.49
2018-07-23,1.500782021889494,0.98121068917361,7713.31
2018-07-24,1.5743826337343072,1.22363716831847,8424.27
2018-07-25,1.604254930928557,1.16062055562115,8181.39
2018-07-26,1.597583488537237,1.06349934920727,7951.58
2018-07-27,1.564198325724124,1.14223136047139,8167.81
2018-07-28,1.593533933289208,1.14865315556901,8188.85
2018-07-29,1.5964549732620439,1.16747895745543,8221.44
2018-07-30,1.583647119093102,1.13977558141286,8183.56562256
2018-07-31,1.545268920631747,0.992562028001675,7774.87303565
2018-08-01,1.4786019300887632,0.9318229844237671,7624.90741594
2018-08-02,1.4821829940821472,0.910999160973862,7567.15160233
2018-08-03,1.449073820869053,0.8657663931053831,7436.26183554
2018-08-04,1.417894937177238,0.7136213228284001,7032.21316739
2018-08-05,1.370479264346234,0.724666096950436,7064.02626634
2018-08-06,1.370213844250996,0.6851435240794,6951.2803658
2018-08-07,1.370277857296229,0.614165944432992,6753.71764839
2018-08-08,1.268116848133565,0.44875423498176203,6305.80304475
2018-08-09,1.258156167300224,0.550953693396093,6568.02168724
2018-08-10,1.251654000395626,0.40478920643466204,6184.71178367
2018-08-11,1.220748025117113,0.475883504608526,6289.74605164
2018-08-12,1.243689522099544,0.45566670415163,6335.06058091
2018-08-13,1.252203758510294,0.44965674574353803,6297.96664043
2018-08-14,1.197988829346355,0.423569500535917,6199.71276805
2018-08-15,1.257629000882349,0.45257824028136906,6293.27724365
2018-08-16,1.253636417641046,0.464909898759752,6324.7423257
2018-08-17,1.27629288421932,0.559732024378317,6580.62933687
2018-08-18,1.275572700456917,0.506407238293714,6423.68691813
2018-08-19,1.264512166337882,0.531588256217308,6506.06881185
2018-08-20,1.273728108012601,0.45947748054785803,6305.19259562
2018-08-21,1.264503366684125,0.525938606893647,6496.258447
2018-08-22,1.305644725354707,0.483102562398653,6376.83461362
2018-08-23,1.272039604005494,0.5416784230370241,6534.87662447
2018-08-24,1.291489809921507,0.6049982194411191,6717.68298629
2018-08-25,1.3245137106494211,0.6272507742232251,6769.94985511
2018-08-26,1.316869826851253,0.606083371101892,6715.64805358
2018-08-27,1.32383566746149,0.666505403120842,6881.56612007
2018-08-28,1.372896201513681,0.745725828938947,7096.27708292
2018-08-29,1.384819156579816,0.7235440424554651,7046.07682983
2018-08-30,1.364217718386398,0.6986084229281291,6981.57685708
2018-08-31,1.370302794545602,0.718878128996097,7036.75531489
2018-09-01,1.393677053901071,0.775044384660804,7193.41650052
2018-09-02,1.418780956643356,0.804725654222315,7269.10081969
2018-09-03,1.423065031980349,0.800806725299389,7264.79922436
2018-09-04,1.434931679671739,0.832166716915244,7362.7119946
2018-09-05,1.402093268368535,0.6356080220847341,6818.83022958
2018-09-06,1.2691567601662062,0.5347273220526161,6538.48023324
2018-09-07,1.2750343418903691,0.50797930712906,6463.22559639
2018-09-08,1.261855838019477,0.41841664304346204,6223.43011665
2018-09-09,1.2444257608841531,0.45024184728797606,6303.80648503
2018-09-10,1.244364134815068,0.458861181092632,6329.69690852
2018-09-11,1.246675258487848,0.460740362228847,6324.59015192
2018-09-12,1.24321892876283,0.47224605476527604,6360.69694706
2018-09-13,1.2741019345983,0.53624786534184,6521.23827161
2018-09-14,1.285157127510365,0.534161483100358,6512.70548453
2018-09-15,1.287581427345388,0.541435351052248,6544.13620369
2018-09-16,1.282525947993627,0.5303497791978651,6514.52997091
2018-09-17,1.266822119462419,0.44828236938218,6281.19609296
2018-09-18,1.247871925753953,0.4813659437853,6369.18712761
2018-09-19,1.255984240904449,0.491269345372484,6394.89073566
2018-09-20,1.270022621433216,0.539234704866917,6523.44829872
2018-09-21,1.317923097361705,0.6181774790713741,6734.95239431
2018-09-22,1.327910531725598,0.6147113005621071,6722.22113413
2018-09-23,1.328268680629632,0.608961535161471,6707.26095584
2018-09-24,1.315363799937241,0.5675768180700871,6595.41332528
2018-09-25,1.276492640946026,0.514412474394313,6444.41067269
2018-09-26,1.285363821362453,0.531463491925255,6498.32602721
2018-09-27,1.295624375871436,0.603876891514993,6680.71461176
2018-09-28,1.323184749055072,0.587733880913028,6642.0772968
2018-09-29,1.301391509553795,0.5795352782974851,6601.9553879
2018-09-30,1.308449186238719,0.579742516389921,6627.99449465
2018-10-01,1.3092022919941941,0.5679990078104561,6587.61149413
2018-10-02,1.304704970167293,0.5567438356862641,6556.09866089
2018-10-03,1.2891782853380471,0.537850054890607,6502.59044747
2018-10-04,1.3061317769904,0.565041846761661,6576.20339269
2018-10-05,1.306387137876397,0.582136069673548,6622.48483682
2018-10-06,1.310822295811013,0.56980896793779,6589.05284411
2018-10-07,1.307851144234329,0.5857489759565491,6602.94525849
2018-10-08,1.315240916444616,0.592619677414389,6652.22623715
2018-10-09,1.317246661997535,0.588424289526837,6640.64745929
2018-10-10,1.306937290754131,0.569979760015855,6585.17755768
2018-10-11,1.257790489614316,0.452535738110859,6249.09003203
2018-10-12,1.2548389188031641,0.46196668670601504,6273.19669603
2018-10-13,1.253615562114356,0.468187428653406,6289.0009018
2018-10-14,1.261025600640079,0.46982166560324606,6292.23246896
2018-10-15,1.3079492781544921,0.5824602681983251,6605.26103468
2018-10-16,1.317251465300467,0.580625826746182,6600.67720695
2018-10-17,1.309685472790924,0.5635322600576711,6546.16332001
2018-10-18,1.304391686571367,0.538881832270098,6474.64724903
2018-10-19,1.29177809486918,0.534882693299997,6466.010535
2018-10-20,1.2996780651636701,0.5514661323876451,6489.46975308
2018-10-21,1.308861104464464,0.5487823509864781,6482.34812955
2018-10-22,1.303376700969321,0.5494425151848541,6491.98212347
2018-10-23,1.30042276111673,0.54445675749181,6475.72971532
2018-10-24,1.305363468513581,0.554681910008835,6495.42836241
2018-10-25,1.301892000894495,0.5501906581060081,6481.17082835
2018-10-26,1.302155249460204,0.549239989417974,6477.84565348
2018-10-27,1.303754383592676,0.549128562913062,6480.28670898
2018-10-28,1.303380286031427,0.5536229163973491,6486.38627137
2018-10-29,1.290127259553085,0.49973548190199,6332.78870464
2018-10-30,1.276015935651691,0.5017831412025381,6334.7409058
2018-10-31,1.275175648343562,0.49396742456302306,6317.75009974
2018-11-01,1.28652603641752,0.518469552641803,6375.52621667
2018-11-02,1.28358719232304,0.51938967625549,6390.638615
2018-11-03,1.284382022534584,0.5112286584908831,6361.25774213
2018-11-04,1.280817410138285,0.494740457506314,6376.12939278
2018-11-05,1.29737488958906,0.531982696929317,6427.46426537
2018-11-06,1.29773663460765,0.545720460334699,6455.27908945
2018-11-07,1.316898853160048,0.5693123330615121,6520.93366356
2018-11-08,1.307288584567924,0.54469235624484,6457.20299168
2018-11-09,1.293701373767036,0.520340567772398,6387.24987785
2018-11-10,1.292858917678807,0.522288180078487,6407.74044747
2018-11-11,1.289385571755075,0.523312334071246,6408.83301083
2018-11-12,1.29120251498125,0.5152251198966681,6373.10496784
2018-11-13,1.284798743472275,0.509672848983707,6357.23195512
2018-11-14,1.238957030883871,0.28116694695793804,5722.33950975
2018-11-15,1.140058149379108,0.267327413858559,5645.59292107
2018-11-16,1.14131710732205,0.244159737646979,5574.75499615
2018-11-17,1.131567361411999,0.23791124186445603,5554.80989136
2018-11-18,1.143358331418534,0.262791181565381,5622.02160278
2018-11-19,1.080502844752538,0.002814462445074,4875.14239003
2018-11-20,0.9540198961778611,-0.16370788262198,4415.07400339
2018-11-21,0.934725588898599,-0.079944697399768,4602.16771504
2018-11-22,0.9383322705953101,-0.16630715112465302,4368.73234691
2018-11-23,0.89482795484057,-0.171320972767457,4346.01843265
2018-11-24,0.8893682028907671,-0.32846224555677,3883.35938868
2018-11-25,0.798099411095407,-0.28273182848913303,4015.13130391
2018-11-26,0.8192743234359251,-0.36483907307412705,3775.08662841
2018-11-27,0.7878710972863511,-0.34455222394218504,3813.57141959
2018-11-28,0.8610147280733831,-0.18021005744352803,4260.82825547
2018-11-29,0.8956686024697521,-0.17238262199692703,4274.74204089
2018-11-30,0.868542867419657,-0.265989364216966,4016.44911794
2018-12-01,0.8677486091197381,-0.19945706311406602,4215.68477834
2018-12-02,0.8790244224343261,-0.22325649109975,4138.38283552
2018-12-03,0.8363060131006681,-0.3122184805009,3892.75933911
2018-12-04,0.821888610367355,-0.29037564874556204,3996.74820738
2018-12-05,0.8021652780477221,-0.35725712865271,3753.99482663
2018-12-06,0.7967445448432301,-0.43236535507161805,3521.10172384
2018-12-07,0.726386345579724,-0.46882557015609705,3419.93720035
2018-12-08,0.7328692578394581,-0.441514995829055,3476.11471452
2018-12-09,0.757368525267434,-0.38979154019704604,3616.21025798
2018-12-10,0.759392628412022,-0.42726591805164604,3505.47968254
2018-12-11,0.740253464752546,-0.45038659531060105,3423.51948812
2018-12-12,0.745657682937174,-0.426235462635469,3481.23667359
2018-12-13,0.734320114466772,-0.48565703005800304,3312.00352486
2018-12-14,0.709424219803653,-0.502643910102988,3242.19413359
2018-12-15,0.6983772190744101,-0.5086410149248011,3237.05708474
2018-12-16,0.7076479397345491,-0.49917844452934707,3255.22013802
2018-12-17,0.7320696228273671,-0.39193543484507104,3545.35139009
2018-12-18,0.7707573066587481,-0.33078673884982,3695.4306338
2018-12-19,0.823938586598253,-0.312260438349218,3747.42985778
2018-12-20,0.864854044666536,-0.174596322376556,4132.2252904
2018-12-21,0.8762240302468011,-0.254300241302029,3894.39321098
2018-12-22,0.8502586701271111,-0.213380353254383,4012.16458122
2018-12-23,0.876825348153889,-0.21758526756530103,3998.52858546
2018-12-24,0.9081762442196301,-0.17715810792538803,4080.47896096
2018-12-25,0.834238894562613,-0.282733486826105,3815.49060966
2018-12-26,0.8352713981791161,-0.26635645722378504,3855.93115879
2018-12-27,0.8241489578540181,-0.34166672685195904,3659.30990152
2018-12-28,0.8206829261033171,-0.23438959726024,3926.3291364
2018-12-29,0.8596714606179231,-0.21986344279163503,3827.77729964
2018-12-30,0.844473711623239,-0.253409643074745,3867.27236149
2018-12-31,0.834524682023276,-0.29739777073996104,3741.29679518
2019-01-01,0.824264520977908,-0.25885078851124105,3840.95924899
2019-01-02,0.848861627874935,-0.22249521289041102,3943.28984335
2019-01-03,0.8532654443938841,-0.25981669000393703,3836.55804793
2019-01-04,0.841845463859431,-0.251046443730559,3858.23828002
2019-01-05,0.8521415565942541,-0.255375044214775,3841.06117029
2019-01-06,0.861022166947987,-0.168124989405039,4076.20331956
2019-01-07,0.8918859062707051,-0.18870474873363602,4024.46206645
2019-01-08,0.8895835710909931,-0.18393938835348,4033.55475363
2019-01-09,0.8920058368625581,-0.18346013588630602,4035.71294082
2019-01-10,0.8499624959950721,-0.30746957930837504,3679.79347408
2019-01-11,0.8209504842393921,-0.29486077075746,3686.21992857
2019-01-12,0.8178698688073011,-0.301994539636293,3660.89928219
2019-01-13,0.8091624145246321,-0.34230202057187803,3552.00916983
2019-01-14,0.807849489186323,-0.28413145960520203,3706.05222041
2019-01-15,0.8208865871481821,-0.311887767611066,3629.3994895
2019-01-16,0.8139893911694631,-0.304434860038862,3656.46477524
2019-01-17,0.813442056115047,-0.294408783328907,3679.8126213
2019-01-18,0.8167250134014731,-0.303118046026149,3653.6664613
2019-01-19,0.828188622162872,-0.274254280275576,3729.0822985
2019-01-20,0.81829439490188,-0.319310844450015,3602.94669388
2019-01-21,0.801002959722177,-0.32886950478167204,3577.02585978
2019-01-22,0.8029570590792451,-0.314531658458371,3605.04565371
2019-01-23,0.806800772102777,-0.321465572882135,3585.12306636
2019-01-24,0.8044137651212011,-0.31485967417934,3605.01000288
2019-01-25,0.806181739061801,-0.31372432585801,3602.06803677
2019-01-26,0.811183968168467,-0.313052715173649,3601.75215591
2019-01-27,0.806922025292324,-0.317847617011056,3586.69221638
2019-01-28,0.7840094713232061,-0.35587314148826604,3472.33980503
2019-01-29,0.7751325615608791,-0.36519882148334903,3447.03376969
2019-01-30,0.7816937485627391,-0.349250024473781,3485.3190571
2019-01-31,0.7831401211228921,-0.35538603127636204,3457.19185903
2019-02-01,0.7824418848370751,-0.34572370962091203,3488.65467674
2019-02-02,0.7863787781257631,-0.331255588551888,3526.76852089
2019-02-03,0.7859980338860171,-0.353401632780991,3461.49672071
2019-02-04,0.7827257403729081,-0.35284014417166,3456.78537352
2019-02-05,0.7832531084783011,-0.35251805674668,3460.72479577
2019-02-06,0.773597131135878,-0.368399247043857,3412.83264537
2019-02-07,0.7732935765308141,-0.37164755357738805,3400.6012536
2019-02-08,0.792898544827438,-0.275190767021724,3661.6593387
2019-02-09,0.8304747927156251,-0.271517148412173,3671.81055872
2019-02-10,0.8298022882029521,-0.264009466526727,3684.24956988
2019-02-11,0.82926592394023,-0.27945462697343504,3648.09335231
2019-02-12,0.825498080541153,-0.277464036047101,3653.99110555
2019-02-13,0.8276251507824731,-0.28116188881165705,3631.34329385
2019-02-14,0.824820323682892,-0.28535593748389504,3616.36968624
2019-02-15,0.825460997446203,-0.283822819943821,3623.22451873
2019-02-16,0.8286273277649681,-0.278553718162945,3631.0060736
2019-02-17,0.8289943205418021,-0.261297548320779,3677.11835448
2019-02-18,0.867195169493654,-0.17348450730064502,3915.15393
2019-02-19,0.9010483774632311,-0.16163330889874603,3946.15354458
2019-02-20,0.903691419534821,-0.14421838154395802,3996.90234514
2019-02-21,0.903697929333058,-0.160469626725905,3952.2103642
2019-02-22,0.9077202327371001,-0.141227166988579,4002.2913313
2019-02-23,0.918260054619027,-0.088695489825869,4145.9880905
2019-02-24,0.9208703718960211,-0.202197572689085,3814.93757504
2019-02-25,0.880119548026228,-0.18061893592497902,3884.93555836
2019-02-26,0.881762861345286,-0.19225948280660501,3857.56107734
2019-02-27,0.880840416944983,-0.193261714453479,3851.0235527
2019-02-28,0.8832614857293081,-0.19110331875931302,3855.67378101
2019-03-01,0.884939895426453,-0.187140004010968,3861.87069318
2019-03-02,0.882646974017656,-0.18670677798521101,3867.57418178
2019-03-03,0.8826726440943411,-0.19525524143223802,3845.59431118
2019-03-04,0.8662973366847141,-0.22326363526600201,3761.00685915
2019-03-05,0.8747782509155411,-0.1737669442266,3894.06747372
2019-03-06,0.8901995138074421,-0.169726146527091,3905.40722269
2019-03-07,0.89734587413998,-0.16748381363284,3911.06208338
2019-03-08,0.899115090265809,-0.17157909277646702,3898.25616475
2019-03-09,0.903112215582185,-0.147928161137371,3960.96525724
2019-03-10,0.9039369512230421,-0.151781905704582,3953.83492806
2019-03-11,0.899410931647543,-0.16587590689488,3906.12986299
2019-03-12,0.8953830675060811,-0.165378213315291,3911.29620526
2019-03-13,0.8970058699862941,-0.16397714167191102,3906.54189115
2019-03-14,0.8990615512394361,-0.163214026558923,3913.51736755
2019-03-15,0.9051475503738501,-0.145933069055586,3958.66898443
2019-03-16,0.927543467514489,-0.11139098503433101,4048.90849948
2019-03-17,0.9253602481548361,-0.11916250997220601,4028.84888287
2019-03-18,0.9261324856040821,-0.11897717227611601,4034.67408291
2019-03-19,0.9308164297376901,-0.10342739122433901,4070.48878613
2019-03-20,0.9312429493497311,-0.098100239762099,4086.37824344
2019-03-21,0.9331029350545811,-0.11787663561752901,4031.48944687
2019-03-22,0.927173625587255,-0.117978162502058,4023.91043451
2019-03-23,0.926856411522419,-0.11448896904602901,4036.5766927
2019-03-24,0.9249644741332741,-0.12164217646564501,4018.86969869
2019-03-25,0.9191584394037621,-0.141376163198796,3963.78397879
2019-03-26,0.911939679566608,-0.134890559906875,3985.08080287
2019-03-27,0.9333360633864821,-0.09659481160826401,4086.67786266
2019-03-28,0.9381431038785881,-0.10235595938837701,4069.10714977
2019-03-29,0.939156306966717,-0.09684161565766401,4098.37454059
2019-03-30,0.9473421519587071,-0.092251181640009,4096.91963725
2019-03-31,0.9443352618809331,-0.08709317096795301,4104.234233128829
2019-04-01,0.9556436873242901,-0.069128143475395,4157.46569937
2019-04-02,1.062341962595457,0.18815021653374,4886.74969679
2019-04-03,1.152003463448258,0.234709195951622,4971.30774104
2019-04-04,1.141167213058288,0.204527477593721,4922.79878778
2019-04-05,1.143359453167441,0.246427050468972,5036.79302365
2019-04-06,1.157094137978725,0.25898954197893503,5062.79376134
2019-04-07,1.177824933708232,0.308893852996003,5198.89699014
2019-04-08,1.199181889623554,0.33736295832262103,5289.91798137
2019-04-09,1.193417903730487,0.30421242451374303,5204.95837847
2019-04-10,1.204477161044759,0.348038016119919,5325.08155529
2019-04-11,1.173196611923236,0.254465206224333,5064.48767243
2019-04-12,1.154281160540545,0.261166940293146,5088.84997329
2019-04-13,1.163122116507241,0.26332890648690405,5096.58656276
2019-04-14,1.164910994926069,0.29204789542873905,5167.32198286
2019-04-15,1.175282136705899,0.254017222163446,5066.18715458
2019-04-16,1.169972251062622,0.314211930401719,5237.59520905
2019-04-17,1.196271986677419,0.321227014498185,5251.66380021
2019-04-18,1.205278513841526,0.33681834272981703,5299.16459453
2019-04-19,1.201130433686464,0.33662217938225103,5305.45513705
2019-04-20,1.2131217939552341,0.34788279997722105,5337.37851834
2019-04-21,1.207482752336759,0.338448100999363,5314.5314532
2019-04-22,1.213402353140158,0.368701423273392,5399.71139699
2019-04-23,1.26160090548606,0.43111959623495405,5571.97722679
2019-04-24,1.254048801493982,0.389963667868759,5464.86664182
2019-04-25,1.241485477677845,0.29742935933104603,5210.59362141
2019-04-26,1.200661574013278,0.322011252100381,5280.61484521
2019-04-27,1.199141372540335,0.332647047776005,5266.45814395
2019-04-28,1.203766565008379,0.328757550768143,5285.13900822
2019-04-29,1.19944960449687,0.31581435766799104,5248.20427091
2019-04-30,1.203897894419804,0.35263987957936804,5350.03250117
2019-05-01,1.22848655765847,0.373534982951064,5401.02963619
2019-05-02,1.245435128411865,0.41377575828879903,5505.28367176
2019-05-03,1.303456992703696,0.5092573892165471,5768.28940693
2019-05-04,1.316343165100019,0.531192998286054,5829.93903031
2019-05-05,1.317559239773793,0.521049096580911,5790.99875859
2019-05-06,1.301947390489177,0.5000803197277071,5750.26065528
2019-05-07,1.343952810836874,0.5537481514642171,5843.49506628
2019-05-08,1.339641711846468,0.5801390295362671,5983.76061268
2019-05-09,1.379483214642942,0.65191744537306,6174.13234808
2019-05-10,1.42993313859263,0.723169853908977,6379.29211794
2019-05-11,1.532232388952917,1.04780326481106,7212.29317912
2019-05-12,1.605040417765309,0.92904666712369,6972.37152291
2019-05-13,1.64968306548397,1.2175018220595901,7807.13438133
2019-05-14,1.772814208747363,1.27303816275996,7994.41615632
2019-05-15,1.774938160103856,1.35016307637129,8205.16749484
2019-05-16,1.75454963958743,1.2122493946442199,7883.39290525
2019-05-17,1.603149429035716,1.01815982682263,7332.33362812
2019-05-18,1.606611599343996,0.9974129794973341,7272.8703646
2019-05-19,1.730954265381378,1.34814739284523,8197.08154991
2019-05-20,1.7279629071291431,1.24179509419416,7977.28172834
2019-05-21,1.732313023816208,1.24091870033776,7964.08716828
2019-05-22,1.719897135865759,1.15153186574385,7684.84214611
2019-05-23,1.679326493430826,1.20395875963271,7881.84672105
2019-05-24,1.733107099985953,1.23820084722601,7987.37156583
2019-05-25,1.7432437202163,1.25934617910373,8052.54385907
2019-05-26,1.756824655600008,1.48202303638641,8674.07240318
2019-05-27,1.890742636668263,1.5268269536297598,8802.75819975
2019-05-28,1.8787107113006392,1.48786599649959,8719.9617362
2019-05-29,1.838021045043829,1.43803544869355,8658.62021569
2019-05-30,1.834100426105795,1.31111336065882,8313.21305379
2019-05-31,1.7741180918605362,1.40203419999986,8584.03749936
2019-06-01,1.8102609434173562,1.40216182019534,8567.49579932
2019-06-02,1.8330946258950882,1.45935900475439,8744.99858488
2019-06-03,1.804147278069295,1.26167751449753,8214.54501611
2019-06-04,1.673358835268697,1.07882187840179,7694.79046347
2019-06-05,1.652910712231869,1.12916675350318,7820.49742937
2019-06-06,1.649660058887578,1.12627197335602,7823.96826187
2019-06-07,1.682819371588217,1.20380208401431,8042.62455272
2019-06-08,1.684531344396136,1.1655778881109,7941.75919036
2019-06-09,1.654954796319201,1.07047292857775,7686.70517038
2019-06-10,1.6537049852054722,1.17963272295612,7994.91667422
2019-06-11,1.668956509202058,1.1563813339926,7923.19557195
2019-06-12,1.693894432318341,1.22631262516363,8139.61233897
2019-06-13,1.7186824359588542,1.25767869176135,8226.39499438
2019-06-14,1.754147434991234,1.42541888327587,8690.3978563
2019-06-15,1.828556828357717,1.47117609157812,8839.69426128
2019-06-16,1.900405926399582,1.52170640343496,8993.51985508
2019-06-17,1.923903639712175,1.6340497298588001,9323.18877291
2019-06-18,1.9097420540988441,1.53380075206821,9070.351716
2019-06-19,1.901772565962128,1.60731399339871,9276.77182364
2019-06-20,1.93670035253531,1.69245845891198,9527.85336616
2019-06-21,2.025038181918057,1.89788964151443,10118.5985274
2019-06-22,2.202725689006232,2.09107446211338,10694.29348
2019-06-23,2.206112269567428,2.13306255874162,10842.5148341
2019-06-24,2.215218297784654,2.18562008656767,11006.9875879
2019-06-25,2.29672284816278,2.45209714156419,11784.6041669
2019-06-26,2.5338822614587,2.85384821686089,13003.3251831
2019-06-27,2.364422786135239,2.15937436968928,11151.3707985
2019-06-28,2.317835714845702,2.60704599862332,12392.3293102
2019-06-29,2.342886532854224,2.44668542438709,11958.9651413
2019-06-30,2.273253699730199,2.06403097608482,10817.5692473
2019-07-01,2.1055645596609,1.94403803626539,10590.7580719
2019-07-02,2.023729391250951,2.01798852936817,10810.4966905
2019-07-03,2.21307689853888,2.41212180255353,11953.3879742
2019-07-04,2.284148278730847,2.14232601185063,11212.6101976
2019-07-05,2.16541205413942,2.05333940061062,10984.1057812
2019-07-06,2.208028409165362,2.12959364543398,11209.2110757
2019-07-07,2.190532055691885,2.20146200920111,11451.3503881
2019-07-08,2.273138278028364,2.49791869652364,12285.7323738
2019-07-09,2.403920884024673,2.57443702585417,12560.6272457
2019-07-10,2.4094873120038462,2.40331578639095,12152.5890505
2019-07-11,2.21244641443885,2.11326342358714,11345.7367321
2019-07-12,2.201032960955835,2.28169925681658,11816.4282932
2019-07-13,2.17383938457097,2.11746964702715,11373.0446962
2019-07-14,2.069237819216797,1.72728951882398,10258.343575
2019-07-15,1.982190580161674,1.95592754795746,10902.4940933
2019-07-16,1.972681566733754,1.48044496548454,9493.31755974
2019-07-17,1.81917610757455,1.5293216077207,9694.45068639
2019-07-18,1.9020223687149311,1.88065171387692,10663.3319664
2019-07-19,1.978221393778359,1.8116730264060301,10533.9668428
2019-07-20,2.012146886051514,1.8890381873150601,10770.4048064
2019-07-21,1.994450778231668,1.82569070284729,10598.6005555
2019-07-22,1.970929023031376,1.73375739334926,10339.5348432
2019-07-23,1.900663349806098,1.58129465765775,9900.10969969
2019-07-24,1.826325941057002,1.54815559039627,9821.99302633
2019-07-25,1.88192123698782,1.57639409892136,9912.80914244
2019-07-26,1.8378819897252252,1.5603348033372502,9872.51472048
2019-07-27,1.828156240796016,1.41646280441458,9457.60326361
2019-07-28,1.7841265366465962,1.4492864543789001,9555.36758424
2019-07-29,1.760287229111576,1.40785911155136,9521.49191299
2019-07-30,1.758536144534034,1.42926681725078,9604.74200395
2019-07-31,1.812914629925693,1.59116899000162,10085.6277491
2019-08-01,1.852861389796649,1.6955920014097798,10399.6694229
2019-08-02,1.923347743065014,1.73289628192689,10518.1746772
2019-08-03,1.9767222502521,1.83140614424167,10821.7265103
2019-08-04,1.979647702263756,1.8783750165219,10970.1842157
2019-08-05,2.123848071305345,2.15009303005962,11805.6537253
2019-08-06,2.13375470998412,2.01588242681052,11478.1693461
2019-08-07,2.117386072465193,2.17262544755893,11941.9683406
2019-08-08,2.128530270255104,2.16958629565126,11966.407405
2019-08-09,2.129854165777031,2.13660185175675,11862.93676
2019-08-10,2.088739804890893,1.96460717477289,11354.0242177
2019-08-11,2.04919759371373,2.01388331458363,11523.5793784
2019-08-12,2.047604346736319,1.96226983302132,11382.6159562
2019-08-13,2.001842526680856,1.79749303216133,10895.8304358
2019-08-14,1.876858180998537,1.50026434301637,10038.4217089
2019-08-15,1.8023051199521132,1.59206141630447,10311.545429
2019-08-16,1.835101923305638,1.61100030858412,10374.3393471
2019-08-17,1.846877832367485,1.55816819612307,10231.7438454
2019-08-18,1.8456530879328552,1.6004136142518801,10345.8103795
2019-08-19,1.900829546244744,1.77264365563763,10916.0538702
2019-08-20,1.923707892061033,1.73372664226129,10763.2326304
2019-08-21,1.8290033385594562,1.50341055579096,10138.049355
2019-08-22,1.801058981843324,1.51834680410564,10131.0561021
2019-08-23,1.828227726609791,1.6023602464337499,10407.965329
2019-08-24,1.8102753593840362,1.51780535564246,10159.9605385
2019-08-25,1.801533003876236,1.49912162741027,10138.517665
2019-08-26,1.841333438029217,1.5845462266638002,10372.8263035
2019-08-27,1.812964269639009,1.51910929377418,10185.4998997
2019-08-28,1.790821823625794,1.37279203195327,9756.78570735
2019-08-29,1.699018046799485,1.29332801238175,9510.20054413
2019-08-30,1.7002182503506251,1.32131988256198,9598.17364826
2019-08-31,1.711143623362045,1.33168938286235,9630.59319616
2019-09-01,1.713860114233934,1.3724738899803501,9757.97031807
2019-09-02,1.765663148534611,1.5621693529862801,10346.7607927
2019-09-03,1.8638922058133192,1.6597501717376701,10623.5401172
2019-09-04,1.8731755881033711,1.63846864043054,10594.4933536
2019-09-05,1.8717459573479052,1.63186516307506,10575.533284
2019-09-06,1.870600209053694,1.53902672944057,10353.3025592
2019-09-07,1.831680482200972,1.5903838338106,10517.254784
2019-09-08,1.839551880165029,1.5659166398450401,10441.275979
2019-09-09,1.811123778669136,1.52973410670156,10334.9741628
2019-09-10,1.7970383827716851,1.45420358654842,10115.9757913
2019-09-11,1.7659005934999281,1.46806836150209,10178.3718893
2019-09-12,1.790328486900871,1.53815928839403,10410.1268031
2019-09-13,1.8035790402185832,1.52176877983848,10360.5472773
2019-09-14,1.806362785435963,1.5189216578865898,10358.0491621
2019-09-15,1.804811749492029,1.51249922231417,10347.7129074
2019-09-16,1.796581782594744,1.48809832864228,10276.7935649
2019-09-17,1.787687459839655,1.47459710521495,10241.2721545
2019-09-18,1.781855530833632,1.46098454964485,10198.2484072
2019-09-19,1.7451760792182731,1.47887298976967,10266.4149694
2019-09-20,1.77483304517754,1.44803953510604,10181.6413094
2019-09-21,1.7540214744524172,1.39507607441762,10019.7169101
2019-09-22,1.743328426769677,1.4088530785373101,10070.3921064
2019-09-23,1.728326281566969,1.29874212029226,9729.32376435
2019-09-24,1.651095478775566,0.937113154193793,8620.56642733
2019-09-25,1.483551977109055,0.900336312044647,8486.99297206
2019-09-26,1.456573764111325,0.7865914450985171,8118.96756783
2019-09-27,1.419018352444303,0.8303614027418591,8251.84555744
2019-09-28,1.441391464904092,0.829016806762175,8245.91515478
2019-09-29,1.427584260825502,0.7843561834801821,8104.18567564
2019-09-30,1.424264996122553,0.8442486123027,8293.86774062
2019-10-01,1.473038620941586,0.8630547638403191,8343.2766814
2019-10-02,1.458101954256331,0.8795045614011331,8393.04164486
2019-10-03,1.4559130927661301,0.8397153071714241,8259.99197863
2019-10-04,1.442878540862395,0.8202212063928961,8205.93924121
2019-10-05,1.434046798615519,0.8047257304825031,8151.50052921
2019-10-06,1.418874624749402,0.749148496909939,7988.15595888
2019-10-07,1.425354986569162,0.8326761174338251,8245.622933
2019-10-08,1.451626985920727,0.8269099757537781,8228.7831528
2019-10-09,1.4723370255002899,0.945524970198069,8595.73981722
2019-10-10,1.507332332703745,0.9410063700453941,8583.1788414
2019-10-11,1.484861344096535,0.856222696444888,8321.11873109
2019-10-12,1.4726421457929861,0.8644625611866981,8342.69554698
2019-10-13,1.475426671376191,0.856287616382947,8323.08261224
2019-10-14,1.4628018065734931,0.8634944138629841,8371.9891356
2019-10-15,1.456448403908599,0.810924870663782,8208.03348086
2019-10-16,1.4236379689222751,0.7637431300245431,8057.29564754
2019-10-17,1.417570434420553,0.778616385544305,8102.95289694
2019-10-18,1.404850532420837,0.7393153539160061,7977.41883564
2019-10-19,1.4051058949650121,0.7419562181455941,7990.31255402
2019-10-20,1.414294977682443,0.8147131781781031,8218.07286805
2019-10-21,1.448772935289305,0.821434861922951,8236.27737182
2019-10-22,1.446199336702925,0.771480843287746,8080.61566695
2019-10-23,1.374395513258409,0.5895228752854781,7506.16004227
2019-10-24,1.322998928488442,0.590324739686769,7497.31006854
2019-10-25,1.391130750356358,0.9599753601052131,8656.17219802
2019-10-26,1.634994941928682,1.1500426546426499,9248.60509745
2019-10-27,1.648650535365122,1.24525782963943,9559.52904735
2019-10-28,1.6597516695716341,1.14579985853789,9266.54148344
2019-10-29,1.643518585386159,1.195348327456,9429.56422378
2019-10-30,1.613996378397783,1.1234330888434,9209.14008588
2019-10-31,1.6093962715578871,1.11614659925684,9190.15935841
2019-11-01,1.6044176957926561,1.13216257926188,9260.4172551
2019-11-02,1.623592957838409,1.15503061990804,9324.92966758
2019-11-03,1.6154241891638499,1.1278391361845,9235.20529549
2019-11-04,1.6186543387863952,1.18192503431367,9414.27063268
2019-11-05,1.638641855696711,1.16945929886992,9348.12927384
2019-11-06,1.638735998399162,1.16977417247382,9357.01438149
2019-11-07,1.623825069025911,1.13857183787903,9267.47944726
2019-11-08,1.580880374489738,1.00130910993642,8816.95087372
2019-11-09,1.548157442585771,0.9937534425644781,8814.88268835
2019-11-10,1.5615998496956771,1.07107502556224,9058.22603921
2019-11-11,1.547867133984779,0.9705247380078821,8756.31731395
2019-11-12,1.537246460960987,0.990257019677208,8812.71866317
2019-11-13,1.537886067427905,0.9906243203790911,8817.26151868
2019-11-14,1.5270194002100421,0.95862125530625,8710.28507816
2019-11-15,1.50428060973936,0.8847329511291241,8491.55733354
2019-11-16,1.492329538803086,0.9025753063471481,8546.7319707
2019-11-17,1.502652351563918,0.910252431676927,8572.18503827
2019-11-18,1.484244171703717,0.828699655409959,8311.81088865
2019-11-19,1.439632400861708,0.793754622091132,8203.93739828
2019-11-20,1.423892846479724,0.73578046400754,8027.77939437
2019-11-21,1.379502319715604,0.615780711503335,7640.63676782
2019-11-22,1.296771920981664,0.511391792957509,7304.96236288
2019-11-23,1.2802741006616571,0.542240530899274,7384.69785526
2019-11-24,1.274254484265644,0.438999428009033,7046.14174647
2019-11-25,1.233578999354426,0.469519455844823,7150.12871408
2019-11-26,1.269300408017887,0.49600489729421504,7223.03582563
2019-11-27,1.289094887619295,0.59880069436183,7539.34651048
2019-11-28,1.33812557192123,0.5761865684191071,7465.22589107
2019-11-29,1.3466189854114021,0.669979675645163,7762.17959453
2019-11-30,1.360485817342778,0.6035316987143461,7567.97497695
2019-12-01,1.305863487394419,0.566539774043146,7425.85766438
2019-12-02,1.298225925432122,0.533911455568109,7325.33487256
2019-12-03,1.299936510093359,0.535060839365993,7323.81210021
2019-12-04,1.295418402222181,0.514522893672404,7260.10003443
2019-12-05,1.305106816697454,0.576859254064892,7447.6673282
2019-12-06,1.320917121001177,0.60712040187808,7544.37903416
2019-12-07,1.34159217315643,0.6093089404526041,7552.29963464
2019-12-08,1.339626872266823,0.613651503727005,7566.18173083
2019-12-09,1.329833624845877,0.5613858933598861,7401.01158117
2019-12-10,1.303702008871383,0.5201223953599671,7274.46261839
2019-12-11,1.290444845419568,0.5049878292381,7218.25648469
2019-12-12,1.282696285716467,0.513767491246319,7244.48940003
2019-12-13,1.290422846576216,0.5218018865691251,7267.35915452
2019-12-14,1.280862465139455,0.47554797054152703,7130.35799572
2019-12-15,1.267036801925461,0.48729177354298703,7157.82998088
2019-12-16,1.2590186482492909,0.41693522119006104,6930.50585768
2019-12-17,1.219696058041097,0.31666949633048,6611.51046846
2019-12-18,1.211760729945774,0.528973034978226,7270.46966975
2019-12-19,1.281011463970986,0.5071511100431171,7204.0210376
2019-12-20,1.284665877466988,0.5114421260687331,7217.26972298
2019-12-21,1.282694517342214,0.5021540312368821,7189.90636821
2019-12-22,1.29578321800165,0.605087580912386,7512.80063541
2019-12-23,1.343433103564918,0.5545723406555081,7355.16830714
2019-12-24,1.313782267094885,0.5391633456847971,7309.21393158
2019-12-25,1.3004077042820041,0.5334459983157,7280.45240018
2019-12-26,1.299744718098591,0.5222378261028621,7240.0270056
2019-12-27,1.296709360479955,0.5389802928224551,7295.60723294
2019-12-28,1.311596592962043,0.5466690063737251,7319.89084853
2019-12-29,1.326982180916361,0.579297016340759,7419.17941527
2019-12-30,1.317551541739645,0.542366320307281,7300.67426507
2019-12-31,1.2989339821007762,0.507514667175683,7197.52710917
2020-01-01,1.292291485587442,0.510833158272699,7199.66110087
2020-01-02,1.272746914457934,0.44373448161717705,6985.65902257
2020-01-03,1.296706873931412,0.557551455815369,7347.59737791
2020-01-04,1.3184226999925461,0.576542478450158,7415.20244546
2020-01-05,1.340464086189645,0.577295545104624,7410.81254092
2020-01-06,1.355193837974406,0.6909128678444171,7770.52843473
2020-01-07,1.4210997115402622,0.8147989159915421,8166.96310003
2020-01-08,1.474780020276948,0.7864819359332871,8082.95054727
2020-01-09,1.416563680298164,0.7193859915354781,7880.28824913
2020-01-10,1.414107905328789,0.805671635617849,8164.65571526
2020-01-11,1.44891282148719,0.767318737108264,8029.64210795
2020-01-12,1.451392531874132,0.815948304705544,8185.64036985
2020-01-13,1.451895115040308,0.802755361365722,8148.31886082
2020-01-14,1.526181728011399,1.0100273475001,8827.76442606
2020-01-15,1.557070939958483,1.00307913017512,8807.01027532
2020-01-16,1.541724136109029,0.9728926978381691,8723.78576573
2020-01-17,1.570491072659975,1.03590741879405,8929.0376776
2020-01-18,1.577870324464564,1.04147093434207,8942.80890321
2020-01-19,1.5708689193108212,0.9668994955337581,8706.24512993
2020-01-20,1.536316038155596,0.9505955849823761,8657.64293942
2020-01-21,1.53541471569332,0.9769210072077761,8745.89478833
2020-01-22,1.540027699685273,0.955700757049952,8680.87604222
2020-01-23,1.501129926020521,0.8632076331645311,8406.5160678
2020-01-24,1.488476798968473,0.8800241779995631,8445.43428152
2020-01-25,1.47808067680378,0.85510113798542,8367.84777344
2020-01-26,1.4968585583728862,0.9264307225025281,8596.82983316
2020-01-27,1.545566097431569,1.02737704108109,8909.81917753
2020-01-28,1.598032924927523,1.14526254945467,9358.59031703
2020-01-29,1.646378367824264,1.15027535632293,9316.62950445
2020-01-30,1.65128942366115,1.19597142163944,9508.9935947
2020-01-31,1.6442417351225762,1.1518574342132,9350.52936518
2020-02-01,1.647459767417995,1.16011280689514,9392.87536841
2020-02-02,1.6482086974354662,1.14687966632476,9344.36529292
2020-02-03,1.6403045706140742,1.12664803858008,9293.52108908
2020-02-04,1.6176194373657329,1.09045351602052,9180.9629665
2020-02-05,1.647634040955304,1.22363619870178,9613.42428895
2020-02-06,1.692717826916101,1.25265627076823,9729.80223149
2020-02-07,1.702229300905696,1.26368402727677,9790.33384641
2020-02-08,1.7033419409803492,1.28721536358181,9866.50724373
2020-02-09,1.746370110073397,1.36345842458017,10119.1248203
2020-02-10,1.7187741725410621,1.27874514034573,9865.59260896
2020-02-11,1.716441184262978,1.38250965847322,10205.1323621
2020-02-12,1.7813303802756582,1.4178203319923601,10322.7164894
2020-02-13,1.771282603411911,1.3742858737851,10205.6192109
2020-02-14,1.7650126594541442,1.4020508134955,10300.0506266
2020-02-15,1.7477584257851,1.2791363798223099,9891.83650918
2020-02-16,1.707067805529023,1.26496886366309,9943.25998095
2020-02-17,1.674999506727605,1.20753158180817,9686.04920977
2020-02-18,1.6897063464078892,1.35039764847657,10147.0726363
2020-02-19,1.7339701787507522,1.19138531181428,9635.05008713
2020-02-20,1.6500715939735322,1.17955735870804,9618.25906453
2020-02-21,1.662484503858036,1.20524558643111,9690.95528682
2020-02-22,1.658475002596278,1.19210008022544,9660.91488832
2020-02-23,1.68870475818876,1.2709732972123,9920.86796684
2020-02-24,1.671712363665368,1.18444110605596,9645.39833042
2020-02-25,1.630278393043977,1.08978874530203,9346.53346695
2020-02-26,1.555687211070033,0.9257769366102581,8824.33122732
2020-02-27,1.511382831081782,0.9186259752597261,8786.87893969
2020-02-28,1.495469334600784,0.8877306017423741,8689.11524591
2020-02-29,1.4937571444784852,0.866368504586668,8615.22772355
2020-03-01,1.474834186692053,0.8504462523354821,8563.41168611
2020-03-02,1.5019774024176922,0.9386376391869551,8865.83955705
2020-03-03,1.5115525574470552,0.91831214539549,8792.35171065
2020-03-04,1.509156681982828,0.9050009927923811,8742.61166128
2020-03-05,1.550743392253558,1.00849034390235,9077.87946386
2020-03-06,1.5641351385453621,1.0198813671181,9120.74845437
2020-03-07,1.557628078724275,0.9555610113054451,8909.75828069
2020-03-08,1.478870920690486,0.7179925272237121,8110.25607808
2020-03-09,1.3616025453975031,0.651681518319546,7916.62214092
2020-03-10,1.3721146754245162,0.6585310695144161,7915.61754792
2020-03-11,1.359370565463695,0.6605646982982321,7912.81530473
2020-03-12,1.177782406122631,-0.26060806780189805,4860.35383012
2020-03-13,0.937969329748029,0.003965818527657,5547.0651614
2020-03-14,0.963582440031267,-0.149081554240435,5195.85517452
2020-03-15,0.9487056456760151,-0.063053168201628,5391.06024919
2020-03-16,0.898411237991087,-0.177015326748302,5014.86830377
2020-03-17,0.93539552643645,-0.10319594688335401,5237.76209482
2020-03-18,0.9361989093472041,-0.097988180451705,5237.91386092
2020-03-19,1.02194045266599,0.195522836741213,6193.29577035
2020-03-20,1.135579434800199,0.18526936803014502,6186.21871982
2020-03-21,1.109372584053163,0.190332811545626,6172.9672775
2020-03-22,1.103703265580968,0.08753438811764401,5833.51061024
2020-03-23,1.093546984062288,0.26524090861799204,6431.81003808
2020-03-24,1.189925394192232,0.35734755774250304,6732.65221467
2020-03-25,1.196560918152154,0.34125683846848304,6677.07432527
2020-03-26,1.197299532902204,0.355750977563486,6718.96731486
2020-03-27,1.201942071647074,0.279211854600253,6470.89335934
2020-03-28,1.1215290367918471,0.20964340085530703,6241.56512496
2020-03-29,1.103217896448238,0.11479770971390701,5929.677884
2020-03-30,1.125926004023364,0.27661775386005805,6447.72579951
2020-03-31,1.161989247364061,0.273727234051967,6443.31405026
2020-04-01,1.142277368577818,0.326590543684306,6589.24919192
2020-04-02,1.213103027449514,0.389543095163413,6795.04299179
2020-04-03,1.2320913317728799,0.37113652764196303,6736.36381431
2020-04-04,1.224473877830958,0.403689958806191,6858.69700969
2020-04-05,1.228830891283212,0.38912791808373404,6794.47452422
2020-04-06,1.276044973936439,0.521913003019416,7248.72410192
2020-04-07,1.319071629780143,0.503433520182991,7172.87828873
2020-04-08,1.313485938498107,0.552827223996308,7335.36979909
2020-04-09,1.315043414149405,0.5345802157114671,7301.01277516
2020-04-10,1.263325091821657,0.41257032727810605,6862.78799691
2020-04-11,1.241668137051131,0.41078426430922904,6852.50192071
2020-04-12,1.25541858731044,0.45578303064797304,6998.39400574
2020-04-13,1.2227879343123251,0.40718309643916806,6845.09526906
2020-04-14,1.245840803786016,0.40728062536888404,6841.27304616
2020-04-15,1.231950849524752,0.34666742373417303,6643.97961617
2020-04-16,1.251059342284521,0.48941807300389906,7106.09484684
2020-04-17,1.286184655782171,0.48676315645656804,7098.68627482
2020-04-18,1.3008594099558342,0.536029666215124,7259.90292944
2020-04-19,1.308383789320158,0.5266236379179451,7191.11311495
2020-04-20,1.285159182973558,0.42001165538025304,6882.34018581
2020-04-21,1.248534817319025,0.42286612440506804,6878.03773926
2020-04-22,1.270738116534771,0.493278877469479,7118.68335661
2020-04-23,1.314913956886371,0.588051862946649,7430.16504043
2020-04-24,1.365245239052567,0.6219468092105991,7549.13338764
2020-04-25,1.369584060559909,0.6285949572939991,7569.23791751
2020-04-26,1.378292936160967,0.6626390787142821,7680.48287014
2020-04-27,1.396586412142717,0.694356898653652,7794.71391216
2020-04-28,1.401944051382574,0.697549523056152,7807.29683833
2020-04-29,1.478413844929579,0.9945007817942361,8801.03776688
2020-04-30,1.594559743387677,0.9513730113398811,8657.1939924
2020-05-01,1.574414001384991,1.00074612945241,8855.32022959
2020-05-02,1.588117968759358,1.04000366996531,8985.17081572
2020-05-03,1.602733683009419,1.00893832259456,8898.12241256
2020-05-04,1.566332999382527,1.01260187277107,8915.36266471
2020-05-05,1.5902095333812052,1.03342531113412,8987.61019034
2020-05-06,1.628525318651107,1.12667512554232,9253.07620782
2020-05-07,1.6705994095458472,1.32549171354849,9982.3230001
2020-05-08,1.746502081092673,1.28487445256883,9854.15920563
2020-05-09,1.712417243398792,1.19871764616794,9590.06333149
2020-05-10,1.532110236387308,0.9439050504691491,8761.29974684
2020-05-11,1.5349409987133291,0.895083600201083,8599.78194656
2020-05-12,1.546561933707842,0.9572083137243681,8800.72972155
2020-05-13,1.588166252044502,1.10026168676323,9274.85620315
2020-05-14,1.67594358896255,1.24940950440107,9742.73285277
2020-05-15,1.672803565426448,1.11057856194665,9324.74955892
2020-05-16,1.651464159888603,1.12952917823866,9378.12485501
2020-05-17,1.688145664686283,1.2136878723306,9670.02672308
2020-05-18,1.702499788832506,1.22809918279876,9729.46527585
2020-05-19,1.692145904363369,1.22041163472108,9723.31137903
2020-05-20,1.690125354759228,1.16043107794564,9522.46761378
2020-05-21,1.625359880744147,1.02640184720196,9083.12738671
2020-05-22,1.59758846475613,1.05519206609875,9182.63979906
2020-05-23,1.610122490281471,1.06372709962042,9212.38362171
2020-05-24,1.596505359779591,1.01402541161653,8792.95744169
2020-05-25,1.544247356513424,0.9769123349385471,8910.14065013
2020-05-26,1.551441482443493,0.9491991662489421,8830.00836771
2020-05-27,1.579463475456679,1.03520453167671,9178.8408253
2020-05-28,1.628008377996559,1.16198451182063,9521.7710264
2020-05-29,1.6531894202034851,1.13116807578314,9440.88143521
2020-05-30,1.662759404993678,1.20891276150291,9696.80790406
2020-05-31,1.669195470087865,1.12736279242589,9452.45408509
2020-06-01,1.6702187233856032,1.34778434005928,10170.4099128
2020-06-02,1.721427053544645,1.14805047047231,9532.18934947
2020-06-03,1.663845090699352,1.1834475428505,9646.2557319
2020-06-04,1.686995729490879,1.22950263771165,9803.70548499
2020-06-05,1.694711297700991,1.18924201603511,9667.02313814
2020-06-06,1.675276525605081,1.18012528897608,9650.37975164
2020-06-07,1.672573063668737,1.21201824797333,9759.69521099
2020-06-08,1.686372727480145,1.21201977361702,9770.65850938
2020-06-09,1.68417341844171,1.2172913819775,9795.64961547
2020-06-10,1.695411250437909,1.23906127766123,9870.78990303
2020-06-11,1.674110691549585,1.07293934929461,9324.47584156
2020-06-12,1.63317088953984,1.11974430696216,9481.74838924
2020-06-13,1.635965559494732,1.11729590384856,9474.74192302
2020-06-14,1.632397378563224,1.08941378430549,9386.78789214
2020-06-15,1.6052763265388381,1.10990708628773,9454.15015829
2020-06-16,1.6439649464151591,1.129233492489,9540.67651404
2020-06-17,1.637363720145598,1.11112239031229,9483.15268772
2020-06-18,1.625616890441389,1.0829699165032,9412.43597382
2020-06-19,1.612647990902321,1.05815405551281,9277.04516149
2020-06-20,1.604653914304124,1.06539009459818,9335.17939289
2020-06-21,1.61308808919816,1.05506800661634,9301.37004446
2020-06-22,1.6290106657804322,1.15756761665984,9649.2555242
2020-06-23,1.657097663248038,1.14957207669503,9628.69403752
2020-06-24,1.631240802469967,1.05543231706525,9308.97002161
2020-06-25,1.591760758244492,1.04009117883878,9265.12255402
2020-06-26,1.580593144364661,1.00450681325619,9165.46400925
2020-06-27,1.5687458379225232,0.9694164474340641,9050.08021288
2020-06-28,1.5598077675563662,0.9952166042597671,9155.73195906
2020-06-29,1.56729884221431,1.00743976041987,9200.43803941
2020-06-30,1.5711862015023672,1.00594175003706,9138.25078146
2020-07-01,1.577477150745921,1.02102008961855,9228.16289438
2020-07-02,1.5759499846185832,0.98893956287886,9123.41015432
2020-07-03,1.562269206103517,0.968564185453276,9087.30391103
2020-07-04,1.559079263345784,0.9859097391393031,9116.09384322
2020-07-05,1.554751770222478,0.9733975522196411,9075.62293143
2020-07-06,1.5782632010204871,1.04965686119186,9294.80678854
2020-07-07,1.5897970090985951,1.02384102113001,9254.80043974
2020-07-08,1.599347736597911,1.07056167857335,9425.36948916
2020-07-09,1.598585970986735,1.02929010904583,9294.76603547
2020-07-10,1.576708480607313,1.02512763979934,9278.8078672
2020-07-11,1.5804117181676371,1.01536256894143,9240.34632654
2020-07-12,1.5839696702516841,1.02479963810486,9276.49985018
2020-07-13,1.584900115418821,1.01464535664947,9243.61385509
2020-07-14,1.57634814785146,1.01435761627324,9243.21341642
2020-07-15,1.575470625230119,0.997614477399386,9192.83736784
2020-07-16,1.5630375429641812,0.9800228754199151,9137.21825621
2020-07-17,1.560990509463541,0.9835252699479371,9149.9429538
2020-07-18,1.5648963815181132,0.988389973399426,9158.56462749
2020-07-19,1.561868466447553,0.9958627919915651,9185.45240342
2020-07-20,1.5658615841611332,0.9831672651388361,9177.86448262
2020-07-21,1.587641784281392,1.04825889797507,9374.78345925
2020-07-22,1.598356423121713,1.09140661134193,9525.36344997
2020-07-23,1.625221363982906,1.10591959113065,9579.97977007
2020-07-24,1.626731157333173,1.09196546882737,9537.79707625
2020-07-25,1.6362621461326312,1.13210214753179,9677.11349729
2020-07-26,1.670150832260545,1.19752245345736,9906.34519401
2020-07-27,1.765180615442718,1.5237727842319,11023.434646
2020-07-28,1.854855675605788,1.48777629140311,10909.9046958
2020-07-29,1.870078507482419,1.53669947844208,11098.4100908
2020-07-30,1.857868989730342,1.54328114975021,11121.1587554
2020-07-31,1.8805800576229341,1.59287589924042,11332.4012834
2020-08-01,1.9423591422744382,1.72004861740508,11766.9595624
2020-08-02,1.897923593758311,1.5079578996109,11059.3145305
2020-08-03,1.877851202743878,1.5556520780754401,11245.5240356
2020-08-04,1.8796466463571981,1.54222079917384,11207.6483786
2020-08-05,1.911241677892643,1.68267034647959,11751.6655847
2020-08-06,1.950476815459915,1.69797344262726,11785.14051
2020-08-07,1.9387305633010272,1.63301979296325,11595.3530615
2020-08-08,1.9292996454973972,1.6765762110386802,11745.8403294
2020-08-09,1.9256571519123362,1.65320004585029,11672.4786076
2020-08-10,1.958598040306395,1.70361085737773,11872.1227256
2020-08-11,1.914230692388658,1.5662253202177099,11412.1825511
2020-08-12,1.8839160752689081,1.61011832752751,11576.8771692
2020-08-13,1.89611701760629,1.67139050482801,11796.3961941
2020-08-14,1.9251317721214471,1.66001604313835,11772.9732991
2020-08-15,1.941192388298391,1.6831689261940301,11864.5063121
2020-08-16,1.9370095459114411,1.68762836082543,11895.1527133
2020-08-17,1.9597896592445911,1.78690940257454,12250.136396
2020-08-18,1.9803086152678442,1.70681327437654,11988.7456259
2020-08-19,1.9233205178429151,1.6350059905460799,11758.8645702
2020-08-20,1.918557815814885,1.67045069045521,11881.7212215
2020-08-21,1.9095242288897212,1.58331216283849,11581.8887181
2020-08-22,1.878655609618908,1.60700523449373,11689.4073895
2020-08-23,1.8865378479778072,1.60098478086792,11667.8605615
2020-08-24,1.900733569187751,1.63248878738352,11778.4188516
2020-08-25,1.868255539946749,1.5122362915960301,11375.0539617
2020-08-26,1.847450995897463,1.54148291067024,11487.5574841
2020-08-27,1.8381585615386502,1.49191273892508,11322.8535935
2020-08-28,1.849754371772317,1.55010198476567,11539.83493
2020-08-29,1.8604695643400282,1.54200954929832,11512.5428548
2020-08-30,1.875749085822977,1.59797707199215,11711.5398306
2020-08-31,1.8846341673528522,1.58657090820761,11685.3448054
2020-09-01,1.910209496882977,1.67447112280048,11968.9674207
2020-09-02,1.8630863381517382,1.50505914824327,11418.0179849
2020-09-03,1.7785260425754181,1.21098713073019,10238.457762
2020-09-04,1.675900486161574,1.23998847287602,10511.8138807
2020-09-05,1.657389779589369,1.14038313962622,10169.567221
2020-09-06,1.644906181487726,1.17246401669906,10280.3517032
2020-09-07,1.6385256374195012,1.19929168574759,10369.5637386
2020-09-08,1.637047315967534,1.13057833237962,10131.5166457
2020-09-09,1.643189986529707,1.16384942557733,10242.3477803
2020-09-10,1.666889939898303,1.19622742943252,10363.1390401
2020-09-11,1.661942538482058,1.20808765843665,10400.9146854
2020-09-12,1.673219096541239,1.21728588197051,10442.1706031
2020-09-13,1.676717757096685,1.18353833310438,10323.7557975
2020-09-14,1.696842687959979,1.2844839033841,10680.8374328
2020-09-15,1.7351437082004542,1.3123199390084301,10796.9509861
2020-09-16,1.7522997673958831,1.36364816871498,10974.9048915
2020-09-17,1.750664951585879,1.35431902980977,10948.9899152
2020-09-18,1.755332990283648,1.3412142809174399,10944.5858045
2020-09-19,1.767170912490344,1.39126842308604,11094.3462761
2020-09-20,1.7517162285681191,1.34139077568884,10938.2712894
2020-09-21,1.714186016893907,1.21526522893001,10462.2596185
2020-09-22,1.67891891311653,1.22860365103303,10538.4603213
2020-09-23,1.673014095070414,1.14012160737637,10225.8639271
2020-09-24,1.6746713861448632,1.29119714302411,10745.5486217
2020-09-25,1.710695144879447,1.27304331996632,10702.290491
2020-09-26,1.717458564724534,1.2862910808814,10754.4375117
2020-09-27,1.716799842286402,1.28588365691252,10774.4267558
2020-09-28,1.741918720649478,1.2940250892366,10721.3270409
2020-09-29,1.715873707380557,1.30859443132516,10848.8304873
2020-09-30,1.717813138498861,1.29001972546653,10787.6178668
2020-10-01,1.719433924671868,1.23914750303638,10623.3301247
2020-10-02,1.68182763687586,1.22571296572013,10575.972665210369
2020-10-03,1.6841114227353402,1.21920893279901,10549.328899609458
2020-10-04,1.692433069170554,1.25088808359436,10668.427291917362
2020-10-05,1.708025167802186,1.28291736265812,10793.339427509689
2020-10-06,1.706421582417879,1.23126459560474,10604.372976655219
2020-10-07,1.692725203281512,1.24688993833982,10669.002892309303
2020-10-08,1.7100708169555698,1.31002214333959,10915.611170349574
2020-10-09,1.747824337923876,1.35563283269768,11064.457592443927
2020-10-10,1.8012428251332482,1.41925591830296,11296.361428209482
2020-10-11,1.80537270742921,1.44249667638633,11384.210120673994
2020-10-12,1.8165650441977501,1.49069556304099,11555.352382617039
2020-10-13,1.8160811164774682,1.44926136480105,11425.899400698005
2020-10-14,1.806832958622732,1.43955482697423,11429.530525949574
2020-10-15,1.8061803013702922,1.463454643146,11495.136250345737
2020-10-16,1.797534729539763,1.41789149504326,11322.122100253333
2020-10-17,1.793194973012647,1.42082605373862,11357.507699419104
2020-10-18,1.8051818998080922,1.4520474858632,11483.347447046355
2020-10-19,1.8238913629314801,1.5196603840954,11742.056464068413
2020-10-20,1.862244071096829,1.5674566778744201,11916.334474515823
2020-10-21,1.950600937069821,1.80885766694057,12823.721613011157
2020-10-22,2.014228012819815,1.84354615333574,12965.938910967061
2020-10-23,2.004491865602622,1.82242123587522,12928.422292893309
2020-10-24,2.014330664887613,1.86547050133103,13112.518308892806
2020-10-25,2.017184294919529,1.84094447286845,13025.152726171285
2020-10-26,2.017190427577309,1.85351268419507,13072.25343050888
2020-10-27,2.055592647318692,2.00271340310134,13638.61347118853
2020-10-28,2.063257407306738,1.8949167513629401,13274.101551486901
2020-10-29,2.039930046790706,1.93864419971679,13449.310773172034
2020-10-30,2.053207176761637,1.97976685234283,13567.751090472695
2020-10-31,2.095523911666262,2.02904263064621,13779.026945510965
2020-11-01,2.095694759624739,1.9981565402605201,13712.179226753678
2020-11-02,2.063629204013334,1.94917205249752,13558.759567504292
2020-11-03,2.037388780995459,2.02043123843865,13914.806921199463
2020-11-04,2.073934106608781,2.05846550525227,14127.434501432557
2020-11-05,2.181150159362437,2.4469811693741,15556.660674219534
2020-11-06,2.295127564667159,2.43706324026502,15552.789426236757
2020-11-07,2.25874611704113,2.24957297682503,14849.092332069495
2020-11-08,2.228450316970943,2.40425880096198,15486.128766242586
2020-11-09,2.248488391826197,2.35287970088433,15336.738597655203
2020-11-10,2.235240380687139,2.3322602963477,15289.794466324061
2020-11-11,2.266774135125113,2.43774160672649,15693.906873452925
2020-11-12,2.305517785947832,2.58680431028866,16281.414511965559
2020-11-13,2.351019418637153,2.58786836675332,16311.513322639245
2020-11-14,2.309077070565952,2.51719178604865,16075.452733873577
2020-11-15,2.3019003325943572,2.48374447775601,15962.09895156044
2020-11-16,2.348137766911018,2.67720116277855,16709.612283879444
2020-11-17,2.4339742659688612,2.913313329751,17667.381593434377
2020-11-18,2.522917054870147,2.92918018177992,17812.23323674995
2020-11-19,2.509195056789763,2.9139074763876,17797.55269185706
2020-11-20,2.5512791573192652,3.11281971846986,18624.912737033366
2020-11-21,2.5903925052491372,3.10701141940156,18681.88473987622
2020-11-22,2.54507419104186,3.04288862808382,18406.836393857495
2020-11-23,2.540173524430429,2.98876921189626,18340.95092402201
2020-11-24,2.576410497604824,3.1751650801945,19081.11380920774
2020-11-25,2.596227674065485,3.07593899763068,18764.47654404935
2020-11-26,2.370103975513146,2.6318367860637,17106.29070146959
2020-11-27,2.310155035293148,2.61294603225855,17096.724533063225
2020-11-28,2.348439491419602,2.76582331837848,17714.060585997013
2020-11-29,2.435652836596223,2.87424808847465,18147.63645981038
2020-11-30,2.5375601078149,3.26752846725243,19689.81054499716
2020-12-01,2.574962989769341,3.02406137930264,18863.78086086128
2020-12-02,2.5209518506213433,3.09412387210135,19196.437039164783
2020-12-03,2.554179457150137,3.15118734726735,19437.08165850093
2020-12-04,2.5259590670650782,2.95839941867224,18756.340876715585
2020-12-05,2.506401806648055,3.05043888292988,19137.370640297184
2020-12-06,2.523711071947274,3.09005998532393,19331.057919958297
2020-12-07,2.523678062601908,3.0466649895779,19198.32218907732
2020-12-08,2.4834517102043,2.80721182865068,18327.694817576405
2020-12-09,2.391300548445135,2.86076713080568,18564.904366246454
2020-12-10,2.386517467133224,2.77245749732915,18272.716243561048
2020-12-11,2.335762620944106,2.71031468190833,18079.312133207175
2020-12-12,2.396980995991396,2.89638276327396,18799.9244382663
2020-12-13,2.459151621304711,2.96106513019708,19148.693456271252
2020-12-14,2.459345544319366,2.97582630231647,19246.47838730268
2020-12-15,2.473804263735826,3.00816891490526,19423.81741657513
2020-12-16,2.543413048821813,3.48266780863745,21344.961281247066
2020-12-17,2.818146306683625,3.80856644746141,22790.806538276374
2020-12-18,2.8077951229289733,3.81473496397813,23078.763955584098
2020-12-19,2.851746407106054,4.01663525223145,23851.242514075984
2020-12-20,2.864540321733241,3.9007668414003502,23549.781123366854
2020-12-21,2.80979596788733,3.72585777610908,22875.455699730974
2020-12-22,2.761585894395818,3.91191733944649,23758.933628169103
2020-12-23,2.787574468135323,3.78150234612852,23279.54929310205
2020-12-24,2.726120602471099,3.8387848289960598,23764.75340487314
2020-12-25,2.811502448900227,4.07141047467902,24688.21152033385
2020-12-26,2.938354046571277,4.46898636553907,26440.24870020325
2020-12-27,3.108927943831875,4.42280232193021,26388.149455672108
2020-12-28,3.030335689492595,4.52618509876858,27098.952753928424
2020-12-29,2.954124435891365,4.53474333633586,27324.988106434248
2020-12-30,3.082430230223558,4.86977221406617,28827.007973579824
2020-12-31,3.136455874268663,4.85529425310955,28988.642493531017
2021-01-01,3.143244200210801,4.89699052844257,29354.310492680135
2021-01-02,3.243552667824074,5.48280534486088,32031.61971248076
2021-01-03,3.460184374866266,5.72147887498572,32939.057471683795
2021-01-04,3.2533811732528353,5.31372655935591,31930.83940605436
2021-01-05,3.25210886112435,5.72377209879489,34070.20033180983
2021-01-06,3.459218267662377,6.2049857254295,36850.14715350343
2021-01-07,3.656542181164542,6.76704435927498,39241.93637401782
2021-01-08,3.7330661100155993,7.01169840233618,40771.75946402795
2021-01-09,3.72492893496539,6.83785516469137,40388.87363752308
2021-01-10,3.63127656918872,6.29151441124561,38474.29606929845
2021-01-11,3.119715020026667,5.50053754284778,35603.36377377936
2021-01-12,3.146023249101019,5.13302452247584,33879.45142976907
2021-01-13,3.112877845193893,5.87035491119489,37320.808100849805
2021-01-14,3.415364702316676,6.2349903058374,39192.56322801528
2021-01-15,3.30453543217097,5.57740634264221,36732.76292548016
2021-01-16,3.23840526727551,5.50045167179115,36206.743416714606
2021-01-17,3.126718687329835,5.36649381377237,35774.02336857131
2021-01-18,3.14292923747017,5.51095027257764,36642.53189467641
2021-01-19,3.196289496746518,5.37409609996871,36072.63455672601
2021-01-20,3.043940761897325,5.19593288795532,35553.550809646295
2021-01-21,2.854089105546546,4.22291889991397,30818.59900858709
2021-01-22,2.755268468905828,4.56653947768718,33004.723330040426
2021-01-23,2.794411915474543,4.36018892906448,32057.57127381432
2021-01-24,2.781284819990354,4.39067539967895,32293.27014680785
2021-01-25,2.871418015863017,4.40408268165554,32368.11499830086
2021-01-26,2.753945792193234,4.41237529635304,32571.321685764407
2021-01-27,2.664265130923021,3.9266134891954,30438.367004209395
2021-01-28,2.713016255266105,4.54610042352345,33459.35125206922
2021-01-29,2.9543123316278272,4.66387596230528,34318.52819983214
2021-01-30,2.863516010382773,4.6284348567027,34258.12290596416
2021-01-31,2.8039125284931243,4.3616469108995,33108.29665129587
2021-02-01,2.8198870285959092,4.4345945323619596,33543.85974350085
2021-02-02,2.8904022119203843,4.80421586940432,35524.119952273206
2021-02-03,3.028743679371007,5.1602854856425004,37451.367472916325
2021-02-04,3.086233395433836,5.01605245752881,36924.74200585988
2021-02-05,3.068258061112527,5.14042729445239,38123.15354014715
2021-02-06,3.230804219471482,5.3807011951701,39271.99676818323
2021-02-07,3.128424562021556,5.26546345907992,38904.21414938871
2021-02-08,3.285374857227888,6.56155551298783,45981.864589684476
2021-02-09,3.6448206219031922,6.59291874789201,46506.134809077426
2021-02-10,3.537506562597365,6.24870008073448,44886.381099679624
2021-02-11,3.541042124488623,6.69035109283966,47812.53533389692
2021-02-12,3.609510434372552,6.54753294972695,47482.86135240913
2021-02-13,3.570421365056661,6.43224370642545,47067.939135262444
2021-02-14,3.652873300204304,6.74243965022486,48747.45244155483
2021-02-15,3.561288164662135,6.45076641683322,47984.954753679056
2021-02-16,3.6108925166793213,6.61316481429537,49175.90051592181
2021-02-17,3.722419635480998,7.09106535094702,52138.04498768492
2021-02-18,3.749326551345113,6.89750734683106,51649.57543629381
2021-02-19,3.760905246525213,7.53395797654125,55776.18881251338
2021-02-20,3.934206900903426,7.48769232939981,56134.54415202914
2021-02-21,3.953744691071603,7.63049319741422,57487.03807408455
2021-02-22,3.76433610100548,6.90712357687138,54092.68879988714
2021-02-23,3.3373473875557043,5.91840667230556,48548.9572135791
2021-02-24,3.36268783396333,6.0425604927565,49652.01003172871
2021-02-25,3.355602653543505,5.55977815999295,47209.544068730516
2021-02-26,3.105547213924846,5.34222723825585,46243.95205410501
2021-02-27,3.139683413200462,5.28700304776665,46319.696393610844
2021-02-28,2.986076645879566,5.09127212385186,45119.12569768188
2021-03-01,3.151050809888486,5.83559714668574,49768.16035012147
2021-03-02,3.203248491372875,5.55780889070731,48401.732978524866
2021-03-03,3.307134206660636,5.89084573204748,50698.56833524798
2021-03-04,3.232836198257111,5.49034462082311,48515.770213777236
2021-03-05,3.114342174082768,5.51650506121448,48915.789594568705
2021-03-06,3.150000502248382,5.51014427941376,48905.87987030982
2021-03-07,3.26007144462675,5.82258524044952,51282.11369865597
2021-03-08,3.280046317250438,5.9353522899171,52307.860713183174
2021-03-09,3.462640757119365,6.25665131633112,54696.82182220556
2021-03-10,3.529855839193597,6.42366870945219,56128.767227455
2021-03-11,3.550158702820624,6.65417803282708,57800.36671419076
2021-03-12,3.556555470730036,6.48413507530683,57372.32951283427
2021-03-13,3.654288051485255,7.00480395472354,61217.050879895614
2021-03-14,3.735354668714323,6.75714744868566,59728.59392893374
2021-03-15,3.542811765496261,6.04595008067774,55813.8936028549
2021-03-16,3.388516842051354,6.05608024184462,56488.62247040071
2021-03-17,3.422336675919386,6.37551859907772,58748.92354285633
2021-03-18,3.5435526405735303,6.20874676790757,57887.8812431903
2021-03-19,3.532738322816016,6.21419306151649,58374.206863912295
2021-03-20,3.55441691939303,6.1689130504109,58443.52143446477
2021-03-21,3.450734325779117,5.99586308396958,57521.45671319987
2021-03-22,3.4087635197165502,5.53901684342138,54608.25914921329
2021-03-23,3.266011922818541,5.4848515183807,54888.85537030697
2021-03-24,3.277832758214219,5.15197916687011,52774.26369049241
2021-03-25,3.087514158546148,4.94697490734822,51704.16192519879
2021-03-26,3.138739260077516,5.39921034439579,55137.31372577932
2021-03-27,3.236400370716418,5.50222327633946,56067.945548474745
2021-03-28,3.269567680643701,5.45179382258054,55991.20119647779
2021-03-29,3.313337470749718,5.64169495836434,57769.14012066299
2021-03-30,3.382669942546913,5.77066798306436,58937.638886814275
2021-03-31,3.390372479105377,5.7225029353267605,58954.497008149716
2021-04-01,3.381458302649591,5.69841628283017,59118.97407768802
2021-04-02,3.3936694434243613,5.69055449403985,59392.14948112517
2021-04-03,3.374749796964336,5.43114250736089,57642.97095819078
2021-04-04,3.309461810992741,5.53293985866852,58752.80659415484
2021-04-05,3.318732752083949,5.51033964784974,58898.76589833386
2021-04-06,3.262241900292249,5.35305636620032,58243.4539402529
2021-04-07,3.171383613153159,5.04999960785499,56219.39629880624
2021-04-08,3.173574338857719,5.27467948979244,58321.10713544663
2021-04-09,3.222764804336109,5.25243366649769,58245.00300108353
2021-04-10,3.3018734732532,5.41238455004235,59793.23541009381
2021-04-11,3.2870567755657722,5.42838726626273,60226.42360963432
2021-04-12,3.286921847260462,5.35220739945484,59915.46446523154
2021-04-13,3.372481784392164,5.75003590176446,63603.70817233695
2021-04-14,3.414379437759425,5.62251715548162,62922.213180229075
2021-04-15,3.3673846887617,5.62378762599331,63285.56727067338
2021-04-16,3.296409381664018,5.38446057965667,61611.99680584272
2021-04-17,3.269522996670452,5.25791879194006,60803.84653163625
2021-04-18,2.960926838109633,4.6604997175114296,56163.105403277135
2021-04-19,2.958526388930451,4.57285747307891,55657.83923174755
2021-04-20,2.909331440480459,4.6216007460241,56379.21247716248
2021-04-21,2.9031958917090552,4.33063563846086,53861.436959475745
2021-04-22,2.808445530145255,4.02895584655816,51826.89354372698
2021-04-23,2.603779187511898,3.91116546078651,51027.733327861744
2021-04-24,2.608458881021257,3.7706728244186802,50020.15342145914
2021-04-25,2.588161820218554,3.62401156418007,49039.862341498076
2021-04-26,2.75285074819155,4.21503559601361,54006.25201262605
2021-04-27,2.821424198625737,4.32128135691641,54981.4799948714
2021-04-28,2.826603834545833,4.2627364899352695,54793.39452980505
2021-04-29,2.771290877354693,4.10263821947289,53558.66206906318
2021-04-30,2.829382262451571,4.57517544398762,57775.27815155285
2021-05-01,2.9522963215800253,4.56199117350532,57811.517527593925
2021-05-02,2.901381609701391,4.39235732169969,56613.20264847865
2021-05-03,2.946077744094469,4.435160419213,57200.29122289164
2021-05-04,2.808141505224399,3.95293543079,53333.53775274298
2021-05-05,2.830434125045215,4.4084728967192,57424.005948133796
2021-05-06,2.873932271668781,4.27091816389022,56485.701296946165
2021-05-07,2.846872009523435,4.33684914330803,57369.55799873567
2021-05-08,2.924642004181819,4.449844766628,58766.58487466966
2021-05-09,2.8922930732633,4.37866060052918,58218.56607679752
2021-05-10,2.873089921993683,4.08701086172671,55824.86166666395
2021-05-11,2.7765794462520472,4.1478031845887,56714.088910232254
2021-05-12,2.767555206825735,3.36579824739576,49916.49449913513
2021-05-13,2.469176298835127,3.30909026627956,49729.30250032533
2021-05-14,2.4847411899093093,3.36266947966328,49873.68639240858
2021-05-15,2.419103545112738,2.99077574282529,46803.830522483644
2021-05-16,2.364955359280245,2.94069720693031,46406.33154419618
2021-05-17,2.200085446495443,2.64638380573625,43382.14785916692
2021-05-18,2.1974518215531162,2.51381475313033,42985.843096399796
2021-05-19,1.957879368596597,2.02938239833111,37151.95393552557
2021-05-20,2.002932680638642,2.32098331062638,40512.11108015661
2021-05-21,1.970584687503116,1.9396690178949,37273.44235496146
2021-05-22,1.8929203649453852,1.98291120690347,37645.72214685647
2021-05-23,1.772031928411343,1.64810993501716,34888.67831280685
2021-05-24,1.8659482353612682,2.09886165170134,38669.0184494052
2021-05-25,1.923067906547627,2.04537109093888,38211.78552190482
2021-05-26,1.981777423557606,2.13787186746683,39266.35535111086
2021-05-27,1.9601823507289151,2.09417939696235,38530.1395731867
2021-05-28,1.852806087264418,1.75321659075645,35690.74355653414
2021-05-29,1.785179363059832,1.6411998364524298,34613.06385325806
2021-05-30,1.794297821533687,1.75030172378895,35639.981454563684
2021-05-31,1.829679362338554,1.9292178248849101,37317.276797389924
2021-06-01,1.850413667841218,1.85593039929859,36642.32959185035
2021-06-02,1.8853128774427081,1.9687022481123,37659.80709526973
2021-06-03,1.947404399877679,2.13454159513497,39173.79329215054
2021-06-04,1.878030689489333,1.88635173021144,36975.00656850563
2021-06-05,1.853279792065238,1.7144963125927,35533.74658759773
2021-06-06,1.82185695898709,1.75558827460615,35797.42238993168
2021-06-07,1.820145238195238,1.51326575831104,33577.694225233514
2021-06-08,1.6737091834249611,1.5059325251648201,33452.00225490226
2021-06-09,1.772280705887816,1.92925294307334,37290.99177617837
2021-06-10,1.87971424786882,1.8581985643191898,36744.73930845569
2021-06-11,1.8788578630714152,1.91498100458669,37242.88691336585
2021-06-12,1.8149488762513561,1.72349668284469,35512.90011452891
2021-06-13,1.848311407179124,2.09910109893624,39019.88742092465
2021-06-14,2.011952753158753,2.25354793928018,40536.096186703144
2021-06-15,2.036264361878176,2.2193497840697,40239.188062720765
2021-06-16,1.9957674741302882,2.00511289795476,38287.525924097135
2021-06-17,1.9566854205708901,1.9856473360142801,38109.19708064974
2021-06-18,1.876910404373687,1.70728354398523,35713.84377788781
2021-06-19,1.815713334965568,1.7080384032840201,35668.695876869904
2021-06-20,1.7811730028025452,1.72443972953386,35704.62085788758
2021-06-21,1.687663822734443,1.30829949102229,31586.754526998815
2021-06-22,1.632454650604828,1.36034708890856,32477.421130990322
2021-06-23,1.720135196779426,1.5167193256910498,33652.92415463683
2021-06-24,1.720663452377753,1.61069301588872,34629.99104463987
2021-06-25,1.7169207233330712,1.3069970816992,31670.672544371268
2021-06-26,1.6223355655327931,1.3500896146863899,31982.57003176423
2021-06-27,1.7032873013773502,1.59184872986966,34607.288973134804
2021-06-28,1.77437574946104,1.6076769775133601,34408.64609236688
2021-06-29,1.829701458017039,1.76435014225573,35900.15433447891
2021-06-30,1.798571831557036,1.65738117789306,35024.606828788485
2021-07-01,1.73887816571773,1.51186630202535,33568.58643061468
2021-07-02,1.722191199825251,1.5462801265728099,33933.60148407786
2021-07-03,1.773378617668282,1.63944757224285,34674.53246619413
2021-07-04,1.821849348148572,1.7071380386849,35285.09656628057
2021-07-05,1.762740601479604,1.54550165427497,33821.80911722237
2021-07-06,1.765993936914093,1.58032798222276,34158.92122381347
2021-07-07,1.785934449607982,1.54580125103122,33850.91409077919
2021-07-08,1.70235435346196,1.43360669894335,32847.39678991275
2021-07-09,1.7155241875047942,1.54821732757796,33878.23686193274
2021-07-10,1.743562540579937,1.50847759827612,33517.87334009401
2021-07-11,1.749374130362321,1.58667091747302,34242.67250669811
2021-07-12,1.742627333353103,1.4698278598458199,33186.37684498091
2021-07-13,1.6999575523660941,1.40943477607704,32616.020911028223
2021-07-14,1.682161100316129,1.43000305020403,32808.31518654271
2021-07-15,1.664299979620143,1.3112799889409001,31671.443053709256
2021-07-16,1.647682965475597,1.28747582014215,31426.89947869541
2021-07-17,1.631424122614437,1.29103129793219,31548.922957613315
2021-07-18,1.642674015812343,1.31801743925575,31814.34827840592
2021-07-19,1.613360903281614,1.21453483567125,30834.368390233183
2021-07-20,1.544586707723877,1.1144322892975,29783.01141710609
2021-07-21,1.614268783544722,1.34986145108312,32131.635486882926
2021-07-22,1.662076573047583,1.36926444490163,32328.209838049966
2021-07-23,1.68430339569632,1.49657758142952,33498.822498185575
2021-07-24,1.7555886797928562,1.57529270250222,34265.55624474202
2021-07-25,1.780936920890016,1.67441512865904,35242.6443568511
2021-07-26,1.9748906176363301,1.89037737475954,37401.18874998933
2021-07-27,1.930181451274239,2.04775623233211,39315.132254921446
2021-07-28,2.031709420081333,2.1362820470866,40021.27288558416
2021-07-29,2.008577627035166,2.10830144055058,40037.52162230717
2021-07-30,1.9948962038840512,2.31861902005299,42080.75491077187
2021-07-31,2.094002134335103,2.2855080585976,41692.75732333602
2021-08-01,2.085159267909814,2.07800522680273,40135.33200074718
2021-08-02,1.991098698874573,2.00443432493855,39183.67244883457
2021-08-03,1.934415849741431,1.91911709292751,38160.716653116004
2021-08-04,1.945255570214516,2.06251176048209,39799.303765271405
2021-08-05,1.9812206372725811,2.17099944171967,40854.599720736376
2021-08-06,2.072316661482959,2.36469269861658,42826.8312632613
2021-08-07,2.179856389298339,2.5502956982430502,44689.86095932558
2021-08-08,2.216983152118983,2.45082773033007,43785.48181939978
2021-08-09,2.23929545507792,2.6829594802602,46284.97398221619
2021-08-10,2.270571071206044,2.60421901651166,45594.07627236636
2021-08-11,2.291786649962753,2.61070157062583,45593.63593070519
2021-08-12,2.233090781870235,2.48715936194703,44428.288466806436
2021-08-13,2.290673785785667,2.82220923964238,47831.97604291269
2021-08-14,2.331369575497108,2.7453142758985303,47096.94566198037
2021-08-15,2.297036064836667,2.72900243143666,47064.63037062539
2021-08-16,2.3178392206285983,2.61337905822858,46004.484078602196
2021-08-17,2.269283575326573,2.47817796293646,44695.35761921304
2021-08-18,2.225345320433687,2.49536886855617,44801.18871714413
2021-08-19,2.226041433767712,2.65395776221031,46717.578745203784
2021-08-20,2.346328388738853,2.9190297290700498,49339.17603687802
2021-08-21,2.405191468918839,2.87423963367517,48905.49058554897
2021-08-22,2.396434155489494,2.89929474022508,49321.65404941213
2021-08-23,2.43782067785975,2.9162868616414,49546.147707289056
2021-08-24,2.388755547553199,2.7222076139991502,47756.00188106575
2021-08-25,2.346427152971646,2.82767468894363,48961.76778660005
2021-08-26,2.299341695726528,2.6563735240449597,46940.70765177846
2021-08-27,2.316023803228161,2.8191710045808103,49024.03094495386
2021-08-28,2.369528330595389,2.7994196215511202,48883.29014045116
2021-08-29,2.357619546862696,2.79729741210282,48947.258970319264
2021-08-30,2.3275164590360973,2.59830037569367,47093.88091858282
2021-08-31,2.287226352465744,2.60755770795855,47238.2268323822
2021-09-01,2.301724800349607,2.75914671325983,48763.85643533685
2021-09-02,2.391515545765402,2.80597384048365,49341.853804627746
2021-09-03,2.399908733629197,2.86321891067561,50011.34681209545
2021-09-04,2.405740068441157,2.8489409064125297,49951.92415055585
2021-09-05,2.416764212439103,3.01708370741931,51741.55077722714
2021-09-06,2.481177392576312,3.09033528483362,52610.5411520828
2021-09-07,2.396403560417227,2.52601146387282,46795.20910754369
2021-09-08,2.220586808792125,2.47211252061682,46039.08212736113
2021-09-09,2.220654786392876,2.46769575790914,46377.168738477005
2021-09-10,2.199194982277395,2.27381182729804,44888.12370523385
2021-09-11,2.172234504657408,2.3397633965099,45147.44035889953
2021-09-12,2.183604682093397,2.43581427051295,46082.23150321188
2021-09-13,2.144277857068711,2.32106748198686,45004.701974221185
2021-09-14,2.201306951295843,2.50909472869461,47031.16732364414
2021-09-15,2.269587371303135,2.60791395795694,48143.03744946416
2021-09-16,2.2817157868112012,2.56830262910789,47799.18503883096
2021-09-17,2.265059889651309,2.50594386265676,47204.66266010661
2021-09-18,2.29363972701582,2.5844585361646,48234.21547366776
2021-09-19,2.269354059251759,2.49765763726444,47257.2870422188
2021-09-20,2.126079191526593,2.08513689364768,42907.065767455875
2021-09-21,2.025283362616379,1.8700786037658101,40633.9343353387
2021-09-22,2.028934371120042,2.14175052502458,43569.17620056878
2021-09-23,2.1007619241778692,2.24561313972873,44890.04746964758
2021-09-24,2.056997511457492,2.06734435886002,42796.24321532524
2021-09-25,2.03166796156571,2.06342384974512,42746.97922403371
2021-09-26,2.027945728359885,2.09175669752814,43247.456876465236
2021-09-27,2.060855052141536,1.99413217112042,42248.01771773999
2021-09-28,1.987320369826235,1.87838618408949,41032.26192917951
2021-09-29,1.9820223560285282,1.92324102805854,41538.282988017854
2021-09-30,2.046494829007314,2.12657870994932,43750.871798624525
2021-10-01,2.17276918087208,2.52790621849855,48118.17770595206
2021-10-02,2.252899010012626,2.51120999307361,47756.25428303739
2021-10-03,2.259649615766611,2.51630109693635,48220.65303746762
2021-10-04,2.26281059744931,2.6181523705367002,49080.66909231698
2021-10-05,2.346312421095338,2.82341800335716,51559.362044222966
2021-10-06,2.462653049779752,3.17285184112463,55431.02700201357
2021-10-07,2.519076625779227,2.98631069950468,53776.5428709291
2021-10-08,2.5188833973034592,2.99090767009121,53884.290533191845
2021-10-09,2.528370242838375,3.09318799385712,55068.64354562132
2021-10-10,2.543532362075575,3.046078905247,54675.093215311404
2021-10-11,2.608126372408169,3.28841523306336,57434.24099023865
2021-10-12,2.598222764538736,3.16793970778079,56064.76997697855
